track_id,track_name,track_album_name,track_artist,artist_gender,track_album_release_year,duration_min,track_popularity,genres,record_label,danceability,energy,key,loudness,mode,speechiness,acousticness,instrumentalness,liveness,valence,tempo,time_signature,Playlist_year,artist_id,artist_name,artist_followers,artist_popularity
7qEKZP3nOqWpEQlANPccOx,Espera,Esperanza,Esperanza Spalding,F,2 008,4.64,29,Jazz,Heads Up,39.0,33.0,A,-14.8,Major,4.0,61.0,3.0,11.0,21.0,152,1,2019,[5bepW5vcdRzheNc0F8lHJ5],[Esperanza Spalding],[399132],[49]
68vxG1i6RSmrsY9mRdqDgG,Burning,Heard It In A Past Life,Maggie Rogers,F,2 019,3.55,53,Indie,Capitol Records,74.0,69.0,F,-5.47,Major,10.0,21.0,0.0,11.0,28.0,110,4,2019,[4NZvixzsSefsNiIqXn0NDe],[Maggie Rogers],[1166373],[72]
3buy5Ooz6uNL48W1yBUzbM,Seventeen,Seventeen,Sharon Van Etten,F,2 019,4.43,0,Indie,Jagjaguwar,54.0,77.0,F,-7.37,Major,5.0,2.0,21.0,7.0,24.0,127,4,2019,[2wJ4vsxWd7df7dRU4KcoDe],[Sharon Van Etten],[541804],[56]
6Vmow8PuUaU7W1T2WWLZk2,Go Gina,Ctrl,SZA,F,2 017,2.69,61,Hip Hop,Top Dawg Entertainment/RCA Records,60.0,61.0,A,-6.63,Major,11.0,80.0,0.0,39.0,46.0,80,4,2019,[7tYKF4w9nC0nq9CsPZTHyP],[SZA],[24229902],[90]
0k664IuFwVP557Gnx7RhIl,Juice,Cuz I Love You,Lizzo,F,2 019,3.25,66,Hip Hop,Nice Life/Atlantic,77.0,89.0,G,-2.99,Major,10.0,1.0,0.0,40.0,84.0,120,4,2019,[56oDRnqbIiwx4mymNEv7dS],[Lizzo],[5714695],[70]
2cvztQuBIxwV38kg1Ydaww,How High The Moon - 1st Take,Lullabies Of Birdland,Ella Fitzgerald,F,1 954,3.26,41,Jazz,Verve Reissues,68.0,47.0,F,-5.18,minor,10.0,81.0,0.0,11.0,63.0,113,4,2019,[5V0MlUE1Bft0mbLlND7FJz],[Ella Fitzgerald],[2559247],[70]
0At2qAoaVjIwWNAqrscXli,Boo'd Up,READY,Ella Mai,F,2 017,4.27,66,Hip Hop,10 Summers / Interscope PS,56.0,78.0,A#,-5.11,minor,5.0,9.0,0.0,8.0,24.0,82,4,2019,[7HkdQ0gt53LP4zmHsL0nap],[Ella Mai],[5672202],[71]
0uEp9E98JB5awlA084uaIg,Doo Wop (That Thing),The Miseducation of Lauryn Hill,Ms. Lauryn Hill,F,1 998,5.34,75,Hip Hop,Ruffhouse/Columbia,54.0,51.0,D,-8.93,minor,25.0,4.0,0.0,9.0,50.0,100,4,2019,[2Mu5NfyYm8n5iTomuKAEHl],[Ms. Lauryn Hill],[3118436],[75]
2U7X7mPD4wSp0capCGfpmM,It's Love,"Who Is Jill Scott? - Words and Sounds, Vol. 1",Jill Scott,F,2 000,5.91,40,Hip Hop,Hidden Beach Records,70.0,59.0,C#,-8.75,minor,16.0,2.0,1.0,5.0,61.0,172,4,2019,[6AVLthptCPhfrxlHadOBJD],[Jill Scott],[1795265],[58]
7sd72KZS8D59g5NmhxyHpJ,Toast,Rapture EP,Original Koffee,F,2 019,3.19,10,House/Dance,Columbia,91.0,64.0,A#,-7.92,minor,26.0,3.0,0.0,7.0,79.0,100,4,2019,[1gWjcmBsveEYMxOZ0VRi32],[Original Koffee],[741409],[57]
6bTORCskFVRlnHXbVgnKEe,Can U Believe,The Evolution of Robin Thicke,Robin Thicke,M,2 006,4.87,31,R&B,The Neptunes,64.0,41.0,B,-7.77,Major,3.0,46.0,0.0,14.0,35.0,82,4,2019,[0ZrpamOxcZybMHGg1AYtHP],[Robin Thicke],[1952648],[64]
53w2vsCVLYmgh15RhIwWsw,Float,Comin' From Where I'm From,Anthony Hamilton,M,2 003,5.69,30,R&B,Arista,62.0,42.0,F#,-7.57,Major,4.0,14.0,0.0,37.0,39.0,113,3,2019,[2DzRMyWgjuMbYvt5BLbpCo],[Anthony Hamilton],[1598373],[60]
3aEJMh1cXKEjgh52claxQp,I've Got You Under My Skin - Remastered 1998,Songs For Swingin' Lovers! (Remastered),Frank Sinatra,M,1 956,3.73,66,Jazz,Capitol Records,58.0,25.0,C#,-12.61,Major,4.0,45.0,0.0,11.0,59.0,127,4,2019,[1Mxqyy3pSjf8kZZL4QVxS0],[Frank Sinatra],[7563002],[80]
1N1rSR5jV0Bln3z73lfGbH,II B.S.,Best Of Jazz Bass,Charles Mingus,M,2 013,4.79,0,Jazz,U-5,44.0,44.0,C,-14.23,Major,5.0,70.0,48.0,18.0,69.0,107,4,2019,[1W8TbFzNS15VwsempfY12H],[Charles Mingus],[480974],[49]
3yrSvpt2l1xhsV9Em88Pul,Brown Eyed Girl,Blowin' Your Mind!,Van Morrison,M,1 967,3.06,83,Rock,Columbia/Legacy,49.0,58.0,G,-10.96,Major,4.0,19.0,0.0,41.0,91.0,151,4,2019,[44NX2ffIYHr6D4n7RaZF7A],[Van Morrison],[3314168],[75]
7CQXyFX44CXmnuq8Bi9Dyc,Get Together,The Youngbloods,The Youngbloods,M,1 967,4.65,53,Rock,Legacy Recordings,54.0,49.0,D,-11.93,Major,3.0,47.0,0.0,9.0,58.0,103,4,2019,[5I6MzhNEMk27cZsCqGAIYo],[The Youngbloods],[147719],[43]
2GuXIMRlaxVLcU0a5jacHw,Go,Let's Rock,The Black Keys,M,2 019,2.44,51,Rock,Nonesuch,48.0,67.0,C#,-7.77,Major,6.0,4.0,73.0,34.0,72.0,150,4,2019,[7mnBLXK823vNxN3UWB7Gfz],[The Black Keys],[4053278],[73]
5fXRPS1tp70DbqsBZVyG4e,Happy,Exile On Main Street (Deluxe Version),The Rolling Stones,M,1 972,3.08,51,Rock,Polydor Records,56.0,90.0,E,-3.47,Major,3.0,37.0,0.0,54.0,97.0,132,4,2019,[22bE4uQ6baNwSHPVcDxLCe],[The Rolling Stones],[14614334],[80]
1I7zHEdDx8Ny5RxzYPqsU2,Reelin' In The Years,Can't Buy A Thrill,Steely Dan,M,1 972,4.59,3,Rock,Geffen*,52.0,76.0,D,-9.81,Major,4.0,13.0,0.0,10.0,77.0,135,4,2019,[6P7H3ai06vU1sGvdpBwDmE],[Steely Dan],[2319020],[68]
1q8gelFgFYUwoWpQV7WNCe,54-46 Was My Number,In The Dark,Toots & The Maytals,M,1 973,3.4,62,Reggae,Island Records,69.0,36.0,C,-9.57,Major,6.0,18.0,0.0,11.0,60.0,160,4,2019,[6ZFv3wQwwWPiVDWhv0mjQK],[Toots & The Maytals],[474635],[57]
3Ti0GdlrotgwsAVBBugv0I,Can I Kick It?,People's Instinctive Travels and the Paths of Rhythm (25th Anniversary Edition),A Tribe Called Quest,M,1 990,4.19,68,Hip Hop,Jive/Legacy,85.0,67.0,C,-6.55,Major,27.0,17.0,0.0,13.0,74.0,97,4,2019,[09hVIj6vWgoCDtT03h8ZCa],[A Tribe Called Quest],[2213335],[68]
2YpeDb67231RjR0MgVLzsG,Old Town Road - Remix,7 EP,"Lil Nas X,Billy Ray Cyrus",M,2 019,2.62,72,Hip Hop,Columbia,88.0,62.0,F#,-5.56,Major,10.0,5.0,0.0,11.0,64.0,136,4,2019,"[7jVv8c5Fj3E9VhNjxT4snq,60rpJ9SgigSd16DOAG7GSa]","[Lil Nas X,Billy Ray Cyrus]","[12410871,255827]","[76,63]"
5vPVxHRFg8cUwRr8j7yqXf,Alright,Get Lifted,John Legend,M,2 005,3.35,35,Soul/Funk/Motown,Getting Out Our Dreams/Sony Urban Music/Columbia,55.0,72.0,D,-8.2,Major,22.0,52.0,0.0,48.0,58.0,160,4,2019,[5y2Xq6xcjJb2jVM54GHK3t],[John Legend],[7206516],[77]
1QvWxgZvTU0w8rlPRE5Zrv,Don't You Worry 'Bout A Thing,Innervisions,Stevie Wonder,M,1 973,4.75,59,Soul/Funk/Motown,Motown,71.0,73.0,B,-9.22,Major,4.0,3.0,0.0,7.0,92.0,125,4,2019,[7guDJrEfX3qb6FEbdPA5qi],[Stevie Wonder],[6661844],[77]
11YWR8tzDTR2P4KZ3lAySj,Drift Away,Throwback Tunes: 70s,Dobie Gray,M,2 017,3.91,48,Soul/Funk/Motown,Universal Music Enterprises,51.0,46.0,B,-7.66,Major,4.0,32.0,0.0,65.0,57.0,76,4,2019,[3mC1KCuZZSOlN8Z0M56VsV],[Dobie Gray],[47648],[51]
0Lz1NsgPykKrwVnsFCmY2R,Who's Loving You,Introducing The Hardline According To Sananda Maitreya,Sananda Maitreya,M,1 987,4.36,36,Soul/Funk/Motown,Columbia,55.0,38.0,F,-14.44,Major,3.0,41.0,0.0,6.0,49.0,80,3,2019,[6RGxLsQUoGk5PLyMVwb3yE],[Sananda Maitreya],[443919],[51]
6Ic2MP2hzoBLe3r1VIle8J,Joke Ting (feat. Ari PenSmith),Diaspora,"GoldLink,Ari PenSmith",M,2 019,3.0,37,R&B,Squaaash Club/RCA Records,83.0,59.0,F,-5.4,minor,4.0,19.0,0.0,9.0,72.0,140,4,2019,"[5XenQ7XfcvQdfIbpLEFaKQ,4e8ULyN5otwmBHxanRiBnP]","[GoldLink,Ari PenSmith]","[909828,3368]","[66,46]"
7D8MbQyYgjcihxE3sH9FnG,Believe,The Renaissance,Q-Tip,M,2 008,2.95,26,Hip Hop,Mr. Incognito Productions,77.0,69.0,F,-7.03,minor,11.0,64.0,0.0,22.0,36.0,97,4,2019,"[3ZotbHeyVQKxQCPDJuQ4SU,336vr2M3Va0FjyvB55lJEd]","[Q-Tip,D'Angelo]","[610105,1237859]","[61,61]"
5iUQMwxUPdJBFeGkePtM66,Dang! (feat. Anderson .Paak),The Divine Feminine,"Mac Miller,Anderson .Paak",M,2 016,5.09,68,Hip Hop,Warner Records,84.0,67.0,F,-6.91,minor,23.0,1.0,0.0,8.0,56.0,107,4,2019,"[4LLpKhyESsyAXpc4laK94U,3jK9MiCrA42lLAdMGUZpwa]","[Mac Miller,Anderson .Paak]","[10994375,2595445]","[83,79]"
3KapR70eIR6Zm3kJfG4oB3,Feel The Vibe,1123,"BJ The Chicago Kid,Anderson .Paak",M,2 019,4.01,44,Hip Hop,Motown Records,63.0,80.0,D,-6.55,minor,5.0,19.0,0.0,64.0,86.0,87,4,2019,"[07d5etnpjriczFBB8pxmRe,3jK9MiCrA42lLAdMGUZpwa]","[BJ The Chicago Kid,Anderson .Paak]","[452653,2595445]","[60,79]"
6IFOw9Ck9mWHRQgw6QrPYx,Music (feat. Marvin Gaye),Music,"Erick Sermon,Marvin Gaye",M,2 001,3.72,54,Hip Hop,J Records,90.0,47.0,A#,-9.05,minor,20.0,19.0,0.0,8.0,88.0,100,4,2019,"[2VX0o9LDIVmKIgpnwdJpOJ,3koiLjNrgRTNbOwViDipeA]","[Erick Sermon,Marvin Gaye]","[239668,5521779]","[49,76]"
5bGMedm8ohIGxe8pLRv7E3,Iron Man,Rema,Rema,M,2 019,3.36,29,Afrobeats,Mavin Records /Jonzing,76.0,57.0,B,-3.37,minor,5.0,59.0,4.0,9.0,51.0,100,4,2019,[46pWGuE3dSwY3bMMXGBvVS],[Rema],[5684709],[78]
2OPANrnimcwWcVQuDk8ibD,100 Yard Dash,The Way I See It,Raphael Saadiq,M,2 008,2.31,37,Soul/Funk/Motown,Columbia,90.0,88.0,C#,-5.07,minor,4.0,44.0,0.0,6.0,93.0,110,4,2019,[6g0Wah2YFtb1rFgKhUktlo],[Raphael Saadiq],[557219],[51]
2qdyq2N1XfaA8QhtiOWWFG,I Love You More Than You'll Ever Know,A Donny Hathaway Collection,Donny Hathaway,M,1 990,5.38,39,Soul/Funk/Motown,Atlantic Records,31.0,22.0,C,-15.6,minor,4.0,74.0,0.0,11.0,20.0,87,3,2019,[0HU0U9kdXEHZVxUNbuQe8S],[Donny Hathaway],[605811],[58]
2vLaES21zwbX1Rnmj56Bbb,I'll Be Around,Spinners,The Spinners,M,1 973,3.15,62,Soul/Funk/Motown,Rhino Atlantic,59.0,79.0,G#,-8.7,minor,7.0,18.0,0.0,10.0,63.0,112,4,2019,[5fbhwqYYh4YwUoEs582mq5],[The Spinners],[954720],[61]
2qG5sZ7Si6sdK74qLxedYM,Con Altura,Con Altura,"ROSALÍA,J Balvin,El Guincho",N/A,2 019,2.69,70,R&B,Columbia,88.0,69.0,F#,-4.03,Major,12.0,39.0,0.0,5.0,75.0,98,4,2019,"[7ltDVBr6mKbRvohxheJ9h1,1vyhD5VmyZ7KMfW5gqLgo5,1oMiDFyAgmIzw9ZBQYHOJI]","[ROSALÍA,J Balvin,El Guincho]","[8375671,37372329,57309]","[81,88,60]"
7oqftogUN82Q7VNy2TmTJW,MOOD 4 EVA (feat. Oumou Sangaré),The Lion King: The Gift,"JAY-Z,Beyoncé,Childish Gambino,Oumou Sangaré",N/A,2 019,4.53,50,R&B,Parkwood Entertainment/Columbia,61.0,71.0,G,-6.18,Major,37.0,12.0,0.0,34.0,71.0,106,4,2019,"[6vWDO969PvNqNYHIOW5v0m,3nFkdlSjzX9mRTtwJOzDYB,73sIBHcqh3Z3NyqHKZ7FOL,65CKKZilbcSKkAPC9a5Mvh]","[Beyoncé,JAY-Z,Childish Gambino,Oumou Sangaré]","[38943874,9547380,13523273,173766]","[87,85,81,47]"
1RMJOxR6GRPsBHL8qeC2ux,Best Part (feat. H.E.R.),Freudian,Daniel Caesar,N/A,2 017,3.5,84,Hip Hop,Golden Child Recordings,52.0,36.0,G,-10.21,Major,4.0,81.0,0.0,10.0,44.0,75,4,2019,"[20wkVLutqVOYrc0kxFs7rA,3Y7RZ31TRPVadSFVy1o8os]","[Daniel Caesar,H.E.R.]","[7156736,7963703]","[87,77]"
6H0AwSQ20mo62jGlPGB8S6,It's A Vibe,Pretty Girls Like Trap Music,"2 Chainz,Ty Dolla $ign,Trey Songz,Jhené Aiko",N/A,2 017,3.5,63,Hip Hop,2Chainz PS/Def Jam,82.0,50.0,G,-7.38,Major,15.0,3.0,0.0,11.0,53.0,73,4,2019,"[17lzZA2AlOHwCwFALHttmp,7c0XG5cIJTrrAgEC3ULPiq,2iojnBLj0qIMiKPvVhLnsH,5ZS223C6JyBfXasXxrRqOk]","[2 Chainz,Ty Dolla $ign,Trey Songz,Jhené Aiko]","[8128459,5682450,7502766,8470761]","[76,84,71,80]"
3BtuIIrQlkujKPuWF2B85z,Too Good,Views,"Drake,Rihanna",N/A,2 016,4.39,72,Hip Hop,Cash Money Records/Young Money Ent./Universal Rec.,79.0,65.0,G,-7.84,Major,10.0,5.0,0.0,10.0,40.0,118,4,2019,"[3TVXtAsR1Inumwj472S9r4,5pKCCKE2ajJHZ9KAiaK11H]","[Drake,Rihanna]","[93296075,63627000]","[96,92]"
3hl063NQxiuWyymhgaLf92,Hold On (Change Is Comin'),Time For Healing,Sounds Of Blackness,N/A,1 997,4.35,43,Soul/Funk/Motown,Perspective Records,69.0,84.0,C#,-4.78,Major,6.0,4.0,0.0,2.0,85.0,93,4,2019,[0a0l3QVhfMwQNAO4wPAmP9],[Sounds Of Blackness],[45329],[41]
0TK2YIli7K1leLovkQiNik,Señorita,Señorita,"Shawn Mendes,Camila Cabello",N/A,2 019,3.18,75,Pop,Island Records,76.0,54.0,A,-6.04,minor,3.0,4.0,0.0,9.0,75.0,117,4,2019,"[7n2wHs1TKAczGzO7Dd2rGr,4nDoRrQiYLoBzwC5BhVJzF]","[Shawn Mendes,Camila Cabello]","[43635681,34041015]","[85,82]"
7Fa5UNizycSms5jP3SQD3F,Shining (feat. Beyoncé & Jay-Z),Grateful,"DJ Khaled,Beyoncé,JAY-Z",N/A,2 017,4.73,46,Hip Hop,Epic/We The Best,77.0,81.0,D,-5.51,minor,11.0,5.0,0.0,21.0,58.0,112,4,2019,"[0QHgL1lAIqAw0HtD7YldmP,6vWDO969PvNqNYHIOW5v0m,3nFkdlSjzX9mRTtwJOzDYB]","[DJ Khaled,Beyoncé,JAY-Z]","[11732635,38943874,9547380]","[77,87,85]"
2y2TNx72H4oE01TkztsAR6,Fade Out Lines - The Avener Rework,The Wanderings Of The Avener,"The Avener,Phoebe Killdeer",N/A,2 015,4.61,53,House/Dance,Universal Music Division Capitol Music France,88.0,73.0,G#,-5.82,minor,3.0,2.0,10.0,11.0,70.0,119,4,2019,"[0e6qzpphJHtObTSwD75mi0,318VpIRUWele6jD0k3ldkT]","[The Avener,Phoebe Killdeer]","[326144,15656]","[61,58]"
61YRabDYZZ6RKmJQh7pO5Y,Rank & File,Rank & File,Moses Sumney,M,2 018,3.68,0,R&B,Jagjaguwar,53.0,88.0,B,-6.29,minor,41.0,55.0,0.0,22.0,55.0,178,1,2020,[5W10uJRsbt9bROJDKoI1Wn],[Moses Sumney],[375310],[54]
6tgEc2O1uFHcZDKPoo6PC8,ALREADY,The Lion King: The Gift,Beyoncé,F,2 019,3.71,60,R&B,Parkwood Entertainment/Columbia,65.0,73.0,D,-5.85,Major,9.0,8.0,0.0,60.0,55.0,67,3,2020,"[6vWDO969PvNqNYHIOW5v0m,42q0rYXtR561ypg1Fcw1PI,738wLrAtLtCtFOLvQBXOXp]","[Beyoncé,Shatta Wale,Major Lazer]","[38943874,381975,6206097]","[87,55,77]"
4smkJW6uzoHxGReZqqwHS5,I'll Be Seeing You,Billie Holiday,Billie Holiday,F,1 957,3.53,67,Jazz,Verve Reissues,36.0,3.0,C#,-20.48,Major,4.0,99.0,6.0,12.0,19.0,90,3,2020,[1YzCsTRb22dQkh9lghPIrp],[Billie Holiday],[1963617],[67]
05hSCC5hwv2rR4EyuslURV,Impressions - Take 1,Both Directions At Once: The Lost Album (Deluxe Version),John Coltrane,M,2 018,4.11,18,Jazz,Impulse Records,33.0,53.0,C,-11.23,Major,5.0,18.0,0.0,33.0,69.0,81,3,2020,[2hGh5VOeeqimQFxqXvfCUf],[John Coltrane],[1706046],[67]
4skknrc3sJqaPTtUr2cwFq,These Arms of Mine,Pain in My Heart,Otis Redding,M,1 964,2.58,67,Soul/Funk/Motown,Rhino/Elektra,40.0,28.0,A#,-14.01,Major,3.0,80.0,0.0,14.0,69.0,177,3,2020,[60df5JBRRPcnSpsIMxxwQm],[Otis Redding],[2331150],[72]
6QTPacyXkZWG9FMwq6L1hJ,Love You For A Long Time,Love You For A Long Time,Maggie Rogers,F,2 019,3.72,66,Pop,Capitol Records,71.0,67.0,A,-6.14,Major,3.0,16.0,0.0,11.0,82.0,113,4,2020,[4NZvixzsSefsNiIqXn0NDe],[Maggie Rogers],[1166373],[72]
2ygvZOXrIeVL4xZmAWJT2C,my future,my future,Billie Eilish,F,2 020,3.47,67,Pop,Darkroom/Interscope Records,44.0,31.0,G#,-10.96,Major,6.0,80.0,13.0,35.0,9.0,105,4,2020,[6qqNVTkY8uBg9cP3Jd7DAH],[Billie Eilish],[102057941],[96]
79VKEr51Prtp9dBIEYjJVn,Gemini,Everything is Beautiful,Princess Nokia,F,2 020,3.08,40,R&B,Platoon,78.0,57.0,D,-7.53,Major,35.0,21.0,0.0,13.0,91.0,80,4,2020,[6lay1nwbE6hTx1jivysUAL],[Princess Nokia],[635608],[58]
0O8eJs6ACqUfvVC7Ly6Gap,Know You Bare,Lovergirl,Andrea Valle,F,2 020,2.18,0,R&B,B4,80.0,24.0,G,-11.31,Major,16.0,51.0,4.0,10.0,80.0,97,4,2020,[0aRyQtFQR8Rcp7eceJyoSe],[Andrea Valle],[5646],[18]
791eQ4TI42crcH5DKIz7uA,Solomon Sang,New Moon Daughter,Cassandra Wilson,F,1 995,5.94,15,Jazz,Blue Note Records,60.0,22.0,C#,-17.16,Major,3.0,96.0,1.0,7.0,30.0,102,4,2020,[6TZ5t4kclsmGWHqb3mGyha],[Cassandra Wilson],[86450],[39]
4BR0bp4qHX1lcBM2HtnoIm,Gaslighter,Gaslighter,The Chicks,F,2 020,3.39,44,Rock,Columbia,68.0,73.0,D,-7.32,Major,5.0,1.0,0.0,6.0,69.0,131,4,2020,[25IG9fa7cbdmCIy3OnuH57],[The Chicks],[1462459],[67]
1jecO8NeYLsVWVptITz4c1,Tú,Tú,maye,F,2 019,3.44,63,Latin,EO Entertainment & Pink Poetry,73.0,56.0,F,-7.97,Major,3.0,63.0,0.0,11.0,73.0,115,4,2020,[5ti5FPHgtaSf15KcUisZMt],[maye],[215601],[55]
3ZpQiJ78LKINrW9SQTgbXd,All I Wanna Do,Tuesday Night Music Club,Sheryl Crow,F,1 993,4.54,68,Electronic,A&M,82.0,53.0,A,-11.18,Major,3.0,11.0,2.0,26.0,93.0,120,4,2020,[4TKTii6gnOnUXQHyuo9JaD],[Sheryl Crow],[1225665],[68]
3UAAH2Jc1Fjr3HGaLyaZZE,The Steps,Women In Music Pt. III,HAIM,F,2 020,4.13,0,Electronic,Polydor Records,70.0,71.0,D,-4.97,Major,3.0,2.0,0.0,8.0,62.0,117,4,2020,[4Ui2kfOqGujY81UcPrb5KE],[HAIM],[1342917],[65]
6hRrzZJ90DNQdEF1Wu2Mrf,As I Am,I Used To Know Her,H.E.R.,F,2 019,4.0,51,R&B,MBK Entertainment/RCA Records,45.0,57.0,D,-8.19,minor,25.0,8.0,0.0,23.0,18.0,84,4,2020,[3Y7RZ31TRPVadSFVy1o8os],[H.E.R.],[7963703],[77]
7yewACUEo8jX7oLhSaNzBs,CROWN,INDUSTRY GAMES,CHIKA,F,2 020,2.93,36,R&B,Warner Records,78.0,67.0,F,-6.4,minor,19.0,27.0,0.0,44.0,85.0,94,4,2020,[6UtYvUtXnmg5EtllDFlWp8],[CHIKA],[204606],[62]
3A7yE3igxCotMUgzQzMXwK,Feeling Good,I Remember Me,Jennifer Hudson,F,2 011,2.28,0,R&B,RCA/Legacy,39.0,65.0,F#,-4.32,minor,8.0,6.0,0.0,27.0,31.0,96,4,2020,[35GL8Cu2GKTcHzKGi75xl5],[Jennifer Hudson],[2000650],[59]
5kZ3mNo3Sjstbq5nVa5CMG,"one life, might live",Drop 6,Little Simz,F,2 020,2.58,0,R&B,AGE 101,79.0,59.0,B,-9.1,minor,19.0,46.0,0.0,11.0,92.0,93,4,2020,[6eXZu6O7nAUA5z6vLV8NKI],[Little Simz],[1087734],[72]
5v4GgrXPMghOnBBLmveLac,Savage Remix (feat. Beyoncé),Savage Remix (feat. Beyoncé),"Megan Thee Stallion,Beyoncé",F,2 020,4.03,59,R&B,300 Entertainment,82.0,74.0,A#,-4.77,minor,28.0,2.0,0.0,13.0,64.0,84,4,2020,"[181bsRPaVXVlUKXrxwZfHK,6vWDO969PvNqNYHIOW5v0m]","[Megan Thee Stallion,Beyoncé]","[9921502,38943874]","[83,87]"
6VTbbVjKOC2qWagIDbkJrC,My Baby Just Cares for Me - 2013 Remastered Version,Little Girl Blue (2013 Remastered Version),Nina Simone,F,1 958,3.6,2,Jazz,Bethlehem Jazz,75.0,24.0,E,-15.13,minor,12.0,83.0,0.0,9.0,43.0,119,4,2020,[7G1GBhoKtEPnP86X2PvEYO],[Nina Simone],[2985353],[70]
1gqk2dawfdLdn4XamF27cx,Nick Of Time,Nick Of Time,Bonnie Raitt,F,1 989,3.88,50,Rock,Capitol Records,89.0,31.0,A,-16.09,minor,6.0,37.0,0.0,10.0,78.0,118,4,2020,[4KDyYWR7IpxZ7xrdYbKrqY],[Bonnie Raitt],[747465],[59]
1fyZR63zCjiR35K3fxDC1q,Made It,Made It,Teyana Taylor,F,2 020,3.33,23,Hip Hop,"Getting Out Our Dreams, Inc./Def Jam Recordings",52.0,91.0,F#,-3.33,minor,34.0,18.0,0.0,9.0,77.0,96,4,2020,[4ULO7IGI3M2bo0Ap7B9h8a],[Teyana Taylor],[1943706],[61]
4YtvmIkKHaSBOv1VPmZf6p,Be Afraid,Reunions,Jason Isbell and the 400 Unit,M,2 020,3.33,32,Folk,Southeastern Records,38.0,87.0,G,-5.5,Major,24.0,1.0,2.0,15.0,31.0,151,4,2020,[3Lg3FGwBxOGuefqekQzRUf],[Jason Isbell and the 400 Unit],[259531],[56]
6CJM0s9pqIDTbSQ9KPnRqa,Neon Skyline,The Neon Skyline,Andy Shauf,M,2 020,3.64,31,Folk,Anti/Epitaph,70.0,78.0,C,-8.72,Major,3.0,8.0,0.0,16.0,90.0,125,4,2020,[5mFKYdmiYwNJTDtSzgFyQx],[Andy Shauf],[188737],[50]
0UZFhlhUMrYyzzyOHkylM3,Let's Get Lost,Chet Baker Sings And Plays (Remastered 2004),Chet Baker,M,1 955,3.73,52,Jazz,Blue Note Records,52.0,37.0,C,-9.35,Major,3.0,84.0,0.0,11.0,55.0,78,4,2020,[3rxeQlsv0Sc2nyYaZ5W71T],[Chet Baker],[1207221],[67]
5O4erNlJ74PIF6kGol1ZrC,Could You Be Loved,Uprising,Bob Marley & The Wailers,M,1 980,3.95,80,Reggae,Island Records,92.0,72.0,C,-8.55,Major,10.0,36.0,0.0,10.0,76.0,103,4,2020,[2QsynagSdAqZj3U9HgDzjD],[Bob Marley & The Wailers],[12793787],[81]
07twUUK8jWUCVsrSoEgbLW,Back At It (feat. Lil Baby),Back At It (feat. Lil Baby),"Lil Mosey,Lil Baby",M,2 020,2.61,40,Hip Hop,Mogul Vision/Interscope Records,74.0,68.0,C#,-5.84,Major,36.0,2.0,0.0,8.0,72.0,165,4,2020,"[5zctI4wO9XSKS8XwcnqEHk,5f7VJjfbwm532GiveGC0ZK]","[Lil Mosey,Lil Baby]","[5640012,18931364]","[70,87]"
2hwOoMtWPtTSSn6WHV7Vp5,Blue World,Circles,Mac Miller,M,2 020,3.49,70,Hip Hop,Warner Records,74.0,55.0,G#,-8.98,Major,42.0,39.0,0.0,7.0,51.0,85,4,2020,[4LLpKhyESsyAXpc4laK94U],[Mac Miller],[10994375],[83]
0PXukVbYpvz40KcEFKnIw7,Don't Rush (feat. Headie One),Don't Rush (feat. Headie One),"Young T & Bugsey,Headie One",M,2 019,3.46,57,Hip Hop,Black Butter,96.0,46.0,A,-8.68,Major,27.0,20.0,0.0,16.0,32.0,108,4,2020,"[6M6XXCcO5gI68XpIlrUL3Z,6UCQYrcJ6wab6gnQ89OJFh]","[Young T & Bugsey,Headie One]","[368285,616024]","[55,69]"
07ZupLQ6Ao03TZprc7oMYX,Forever Begins,Finding Forever,Common,M,2 007,7.6,9,Hip Hop,Geffen,42.0,56.0,C#,-8.73,Major,16.0,15.0,0.0,12.0,51.0,98,4,2020,[2GHclqNVjqGuiE5mA7BEoc],[Common],[983529],[62]
2W58HMaCbjcUfZnZaeHtcC,Memory Lane (Sittin' in da Park),Illmatic,Nas,M,1 994,4.14,57,Hip Hop,Columbia,65.0,84.0,C,-4.32,Major,21.0,31.0,0.0,14.0,62.0,90,4,2020,[20qISvAhX20dpIbOOzGK3q],[Nas],[3951615],[74]
6Hi6Y4vSJH03Wj4w6iEBPs,The Sun (feat. Bryson Tiller & Raphael Saadiq),See You When I am Famous!!!!!!!!!!!!,"KYLE,Bryson Tiller,Raphael Saadiq",M,2 020,2.6,36,Hip Hop,independently popular.,85.0,50.0,A,-7.59,Major,4.0,40.0,0.0,10.0,59.0,101,4,2020,"[4qBgvVog0wzW75IQ48mU7v,2EMAnMvWE2eb56ToJVfCWs,6g0Wah2YFtb1rFgKhUktlo]","[KYLE,Bryson Tiller,Raphael Saadiq]","[1085591,9177757,557219]","[62,83,51]"
3GjFRgUzylTZO5wqxFt9e0,TWIST & TURN (feat. Drake & PARTYNEXTDOOR),TWIST & TURN (feat. Drake & PARTYNEXTDOOR),"Popcaan,Drake,PARTYNEXTDOOR",M,2 020,4.33,0,Hip Hop,OVO Sound/Warner Records,57.0,75.0,G,-4.66,Major,17.0,48.0,0.0,12.0,64.0,106,4,2020,"[62DmErcU7dqZbJaDqwsqzR,3TVXtAsR1Inumwj472S9r4,2HPaUgqeutzr3jx5a9WyDV]","[Popcaan,Drake,PARTYNEXTDOOR]","[1166593,93296075,7448147]","[66,96,84]"
4P91jW5QmEkhoLgdMujp82,Do I Do,The Definitive Collection (Deluxe Edition),Stevie Wonder,M,2 002,5.06,57,Soul/Funk/Motown,UNI/MOTOWN,72.0,82.0,B,-11.3,Major,5.0,14.0,0.0,12.0,92.0,113,4,2020,[7guDJrEfX3qb6FEbdPA5qi],[Stevie Wonder],[6661844],[77]
1AeqdOUul6h2wVmqCL9thP,Higher,Brown Sugar,D'Angelo,M,1 995,5.46,38,Soul/Funk/Motown,Virgin Records,41.0,40.0,C#,-12.48,Major,34.0,46.0,0.0,21.0,53.0,68,4,2020,[336vr2M3Va0FjyvB55lJEd],[D'Angelo],[1237859],[61]
2o2bLG5JqlwSCZNsx9BvOs,PGT,PARTYMOBILE,PARTYNEXTDOOR,M,2 020,3.22,0,R&B,OVO Sound/Warner Records,72.0,61.0,F,-6.58,minor,3.0,1.0,0.0,9.0,64.0,117,4,2020,[2HPaUgqeutzr3jx5a9WyDV],[PARTYNEXTDOOR],[7448147],[84]
2ZBwoldduPeQoXBWePnrYV,For What It's Worth,For What It's Worth,Billy Porter,M,2 020,3.17,31,Rock,MRI,66.0,63.0,B,-6.94,minor,5.0,4.0,0.0,9.0,77.0,96,4,2020,[3sjUEh7eXUEL5oZLAEZXD4],[Billy Porter],[41152],[46]
74mIBeHhMcIpiAej3nBgo4,Goodbye Jimmy Reed,Rough and Rowdy Ways,Bob Dylan,M,2 020,4.23,38,Rock,Columbia,74.0,58.0,E,-12.43,minor,8.0,20.0,0.0,17.0,88.0,100,4,2020,[74ASZWbe4lXaubB36ztrGX],[Bob Dylan],[6669323],[74]
5oZps6mYqU5s7A4WjUZggJ,Lockdown,Lockdown,Anderson .Paak,M,2 020,3.54,47,Hip Hop,Aftermath,93.0,44.0,C#,-7.08,minor,13.0,14.0,0.0,15.0,50.0,100,4,2020,[3jK9MiCrA42lLAdMGUZpwa],[Anderson .Paak],[2595445],[79]
04QTmCTsaVjcGaoxj8rSjE,Know Your Worth (feat. Davido & Tems),Know Your Worth (feat. Davido & Tems),"Khalid,Disclosure,Davido,Tems",M,2 020,3.18,59,Afrobeats,"Right Hand Music Group, LLC/RCA Records",82.0,74.0,A,-6.83,minor,8.0,1.0,0.0,10.0,67.0,103,4,2020,"[6LuN9FCkKOj5PcnpouEgny,6nS5roXSAGhTGr34W6n7Et,0Y3agQaa6g2r0YmHPOO9rh,687cZJR45JO7jhk1LHIbgq]","[Khalid,Disclosure,Davido,Tems]","[16425608,2255648,5927701,2516746]","[85,76,74,78]"
5MtDBcXHPa4vNAsZKfvoCZ,All Day Music,All Day Music,War,M,1 972,4.06,0,Soul/Funk/Motown,Far Out Productions,48.0,48.0,E,-11.92,minor,3.0,16.0,0.0,68.0,53.0,107,4,2020,[3ICyfoySNDZqtBVmaBT84I],[War],[472415],[60]
2A6BUUkV6TgT4QdLCXIDPl,Don't Walk Away (feat. Koffee),Bigger Love,"John Legend, Original Koffee",M,2 020,3.67,34,Soul/Funk/Motown,Columbia,44.0,86.0,E,-4.17,minor,36.0,34.0,0.0,47.0,52.0,194,4,2020,"[5y2Xq6xcjJb2jVM54GHK3t,1gWjcmBsveEYMxOZ0VRi32]","[John Legend,Original Koffee]","[7206516,741409]","[77,57]"
2aSM4sbNN7cSmpYOG0sf46,My Affection (with PARTYNEXTDOOR),Life On Earth - EP,"Summer Walker,PARTYNEXTDOOR",N/A,2 020,3.57,54,R&B,LVRN/Interscope Records,63.0,50.0,G,-8.34,Major,14.0,33.0,0.0,9.0,23.0,77,4,2020,"[57LYzLEk2LcFghVwuWbcuS,2HPaUgqeutzr3jx5a9WyDV]","[Summer Walker,PARTYNEXTDOOR]","[7005219,7448147]","[81,84]"
011ZwIM48eD8ee2UBpG8nK,"12.38 (feat. 21 Savage, Ink & Kadhja Bonet)",3.15.20,"Childish Gambino,21 Savage,Ink,Kadhja Bonet",N/A,2 020,6.54,3,Hip Hop,Wolf+Rothstein/RCA Records,69.0,52.0,F,-9.72,Major,16.0,20.0,0.0,49.0,41.0,164,4,2020,"[73sIBHcqh3Z3NyqHKZ7FOL,1URnnhqYAYcrqrcwql10ft,4ZhFCxPekpmV12n2xMeF2z,6sqZoZxe9BQwk7Zxh6STfF]","[Childish Gambino,21 Savage,Ink,Kadhja Bonet]","[13523273,20586340,11217,108160]","[81,89,68,50]"
72TFWvU3wUYdUuxejTTIzt,Work,ANTI (Deluxe),Rihanna,N/A,2 016,3.66,77,Hip Hop,Roc Nation / Rihanna,72.0,53.0,B,-6.24,Major,9.0,7.0,0.0,9.0,55.0,92,4,2020,"[5pKCCKE2ajJHZ9KAiaK11H,3TVXtAsR1Inumwj472S9r4]","[Rihanna,Drake]","[63627000,93296075]","[92,96]"
3k5oLgungD1dSOGLqQdIQw,Texas Sun,Texas Sun,"Khruangbin,Leon Bridges",N/A,2 019,4.21,0,Soul/Funk/Motown,Dead Oceans,63.0,64.0,G,-10.01,Major,4.0,4.0,16.0,10.0,62.0,112,4,2020,"[2mVVjNmdjXZZDvhgQWiakk,3qnGvpP8Yth1AqSBMqON5x]","[Khruangbin,Leon Bridges]","[1950002,1750325]","[73,75]"
5pAbCxt9e3f81lOmjIXwzd,Be Honest (feat. Burna Boy),Be Honest (feat. Burna Boy),"Jorja Smith,Burna Boy",N/A,2 019,3.45,67,R&B,FAMM,76.0,74.0,E,-6.73,minor,11.0,31.0,0.0,11.0,64.0,98,4,2020,"[1CoZyIx7UvdxT5c8UkMzHd,3wcj11K77LjEY1PkEazffa]","[Jorja Smith,Burna Boy]","[3495238,10576504]","[74,81]"
7fyU4Ce2YIkn3XCR1FKP05,Spaceships,Green Balloon,Tank and The Bangas,N/A,2 019,4.32,24,R&B,Verve,84.0,65.0,C#,-6.03,minor,10.0,17.0,0.0,13.0,67.0,137,4,2020,[5cAtakaadWHJLxmGKrKcX7],[Tank and The Bangas],[248818],[44]
3Rp8FNCr3yxM3fGFy99LN8,Smile (feat. H.E.R.),Smile (feat. H.E.R.),"Wizkid,H.E.R.",N/A,2 020,4.2,36,Afrobeats,Starboy/RCA Records,67.0,74.0,E,-4.95,minor,8.0,3.0,0.0,13.0,72.0,90,4,2020,"[3tVQdUvClmAT7URs9V3rsp,3Y7RZ31TRPVadSFVy1o8os]","[Wizkid,H.E.R.]","[6308288,7963703]","[80,77]"
0EhpEsp4L0oRGM0vmeaN5e,UN DIA (ONE DAY) (Feat. Tainy),UN DIA (ONE DAY) (Feat. Tainy),"J Balvin,Dua Lipa,Bad Bunny,Tainy",N/A,2 020,3.87,68,Reggaeton,Universal Music Latino/ NEON16,57.0,69.0,F#,-8.23,minor,5.0,1.0,0.0,17.0,39.0,168,4,2020,"[1vyhD5VmyZ7KMfW5gqLgo5,6M2wZ9GZgrQXHCFfjv46we,4q3ewBCX7sLwd24euuV69X,0GM7qgcRCORpGnfcN2tCiB]","[J Balvin,Dua Lipa,Bad Bunny,Tainy]","[37372329,44986543,86916993,2455089]","[88,88,95,79]"
1Qd8eeihda5T8hrj6AGH2b,Its Way With Me,Every Day Like the Last,Wye Oak,N/A,2 023,4.61,16,Pop,Merge Records,30.6,55.7,F,-9.69,Minor,3.43,69.1,1.53,10.3,36.4,92,1,2021,[5SjNVG3L9mgWQPsfp1sFDB],[Wye Oak],[145637],[46]
21oJ1K99GBJrE2GVQGVjA0,Frozen,About Time,Sabrina Claudio,F,2 017,4.08,56,R&B,SC Entertainment,48.6,41.9,F,-6.42,Major,5.63,74.1,0.01,9.6,22.7,119,3,2021,[30DhU7BDmF4PH0JVhu8ZRg],[Sabrina Claudio],[1686804],[63]
06g1Ng516askYyKHG0tRkR,Interlude (A Night in Tunisia),Complete Sarah Vaughan Masters 1944-1952,Sarah Vaughan,F,2 024,2.5,6,Jazz,BDMUSIC,55.9,15.1,G#,-11.53,Major,7.71,96.4,0.8,15.6,45.2,99,3,2021,[1bgyxtWjZwA5PQlDsvs9b8],[Sarah Vaughan],[669940],[57]
6nKeLkmlyK3ooDoDUxZVgP,Lush Life,Ella Fitzgerald Sings The Duke Ellington Song Book,"Ella Fitzgerald,Oscar Peterson",N/A,1 957,3.67,18,Jazz,Verve Reissues,40.0,4.38,A#,-19.26,Major,3.91,97.4,0.0,8.95,17.6,91,3,2021,"[5V0MlUE1Bft0mbLlND7FJz,6zkX5fhrSD4tdVOmimR9wB]","[Ella Fitzgerald,Oscar Peterson]","[2559247,290089]","[70,57]"
6ELYUjIai7bjtyUocOLCRE,Desperado,ANTI,Rihanna,F,2 016,3.11,39,Pop,Roc Nation / Rihanna,68.0,60.9,C,-5.22,Minor,4.4,32.3,0.0,10.2,32.5,94,3,2021,[5pKCCKE2ajJHZ9KAiaK11H],[Rihanna],[63627000],[92]
2JLVZYEMmqPWbUoAJAMKfm,Pick Up Your Feelings,Pick Up Your Feelings,Jazmine Sullivan,F,2 020,3.87,46,Hip Hop,RCA Records Label,72.9,41.4,G,-6.14,Minor,5.65,29.1,0.0,7.93,56.5,86,3,2021,[7gSjFKpVmDgC2MMsnN8CYq],[Jazmine Sullivan],[2103900],[62]
5le4sn0iMcnKU56bdmNzso,Everybody Loves The Sunshine,Everybody Loves The Sunshine (Reissue),Roy Ayers Ubiquity,M,1 976,3.99,62,Soul/Funk/Motown,Universal Records,52.0,57.1,B,-10.33,Minor,3.6,16.8,0.0,17.0,70.1,161,3,2021,[3WbeZvDk1COiO2dEokZqn7],[Roy Ayers Ubiquity],[140856],[50]
5fdjxHzBILxMXRrbbOVupJ,Coyote,Hejira,Joni Mitchell,F,1 976,5.02,45,Folk,Rhino,52.5,55.5,C,-8.74,Major,4.41,84.8,0.02,7.95,57.4,167,4,2021,[5hW4L92KnC6dX9t7tYM4Ve],[Joni Mitchell],[1517253],[63]
2w2nGYcTq7iP1Aj6AI8KIi,Speak Your Mind (from the Netflix Series We The People),Speak Your Mind (from the Netflix Series We The People),Brandi Carlile,F,2 021,3.23,17,Folk,Low Country Sound/Elektra,47.6,66.6,F#,-3.44,Major,4.46,31.4,0.0,34.2,49.8,148,4,2021,[2sG4zTOLvjKG1PSoOyf5Ej],[Brandi Carlile],[845056],[64]
4lcQHckNMeUkM8jx67j28G,Mohabbat,Vulture Prince,Arooj Aftab,F,2 021,7.71,43,pakistani indie,Arooj Aftab,36.9,23.1,A,-16.22,Major,3.15,85.2,9.6,10.8,5.16,165,4,2021,[00JAfwtx5gNiiqyor88Dr5],[Arooj Aftab],[210470],[45]
4pryE6cN2gFL1FVF5fYINl,Leave The Door Open,An Evening With Silk Sonic,"Bruno Mars,Anderson .Paak,Silk Sonic",M,2 021,4.03,69,Pop,Aftermath Entertainment/Atlantic,58.6,61.6,F,-7.96,Major,3.24,18.2,0.0,9.27,71.9,148,4,2021,"[0du5cEVh5yTK9QJze8zA0C,3jK9MiCrA42lLAdMGUZpwa,6PvvGcCY2XtUcSRld1Wilr]","[Bruno Mars,Anderson .Paak,Silk Sonic]","[61970525,2595445,910669]","[96,79,73]"
23ER2vJTvdU9FNWdhYzETY,Text You Back (feat. Bryce Vine),Text You Back (feat. Bryce Vine),"brother sundance,Bryce Vine",M,2 021,2.55,21,Rap,Warner Records,60.8,69.3,D#,-6.86,Major,24.0,8.54,0.0,5.02,75.1,167,4,2021,"[1AbcKIsIR4SV7pPdm0GRsd,1ShZZUjkbXCjhwrb18BA8I]","[brother sundance,Bryce Vine]","[8094,511030]","[24,62]"
0Bvjb6BHDKfSpaFNuASHny,Walkin',"All That Jazz, Vol. 44: Miles Davis, Vol. 3 – Cool Boplicity in Hackensack (Remastered 2015)",Miles Davis,M,2 015,13.45,18,Jazz,Jube Pops,60.5,20.5,F,-11.77,Major,5.22,86.1,45.8,11.4,48.6,126,4,2021,[0kbYTNQb4Pb1rPbbaF0pT4],[Miles Davis],[2598467],[65]
6GtJqo0vr7DqWOHQtp77cV,A Kiss To Build A Dream On,"Hello, Dolly! (Remastered)",Louis Armstrong,M,1 964,4.52,42,Jazz,Verve Reissues,58.7,27.9,C#,-10.19,Major,3.56,85.0,0.06,6.46,41.8,76,4,2021,[19eLuQmk9aCobbVDHc6eek],[Louis Armstrong],[3015899],[72]
0hMvI4iye2BtqOPL57qfya,My Sweet Lord (2020 Mix),All Things Must Pass (50th Anniversary;Super Deluxe),George Harrison,M,1 970,4.69,45,Rock,BMG Rights Management (US) LLC,54.3,73.1,F#,-8.06,Major,2.91,16.0,0.0,10.3,71.8,121,4,2021,[7FIoB5PHdrMZVC3q2HE5MS],[George Harrison],[2776666],[69]
4hq0S6wznq7SHDyMOFXL9i,Tumbling Dice,Exile On Main Street (2010 Re-Mastered),The Rolling Stones,M,1 972,3.77,59,Rock,Polydor Records,61.6,91.0,B,-4.25,Major,3.47,50.0,50.4,28.1,77.0,111,4,2021,[22bE4uQ6baNwSHPVcDxLCe],[The Rolling Stones],[14614334],[80]
1UTweT08J2Yxn5h0O7uL5e,Does Anybody Really Know What Time It Is? - 2002 Remaster,Chicago Transit Authority,Chicago,M,1 969,4.58,40,Rock,Rhino,52.5,45.9,C,-8.22,Major,7.02,72.4,0.0,50.2,26.4,118,4,2021,[3iDD7bnsjL9J4fO298r0L0],[Chicago],[4255491],[71]
032kwZ9kg4yIaIPBOOIwlm,I'll Be Your Baby Tonight,John Wesley Harding,Bob Dylan,M,1 967,2.66,37,Rock,Columbia,51.2,23.0,C,-16.41,Major,3.01,45.4,0.01,5.08,45.7,128,4,2021,[74ASZWbe4lXaubB36ztrGX],[Bob Dylan],[6669323],[74]
76ot3BABnfPJi06g7J7iBa,Conséquence,Kinavana,Kékélé,M,1 998,5.3,9,World,Syllart,71.0,87.4,G,-1.96,Major,3.1,55.1,0.03,28.7,88.0,100,4,2021,[4qjqvzyR3Kq2W9puCX2wE7],[Kékélé],[5004],[16]
24PEtqBNoKG3umCTLd2r3N,Straightenin,Culture III,Migos,M,2 021,4.25,27,Hip Hop,Quality Control Music/Motown Records,85.0,61.8,A,-5.81,Major,11.2,3.01,0.0,19.3,10.8,136,4,2021,[6oMuImdp5ZcFhWP0ESe6mG],[Migos],[14098208],[77]
6obwWXkBEYouAdP0BGthKt,Astronaut In The Ocean,Astronaut In The Ocean,Masked Wolf,M,2 019,2.21,51,Hip Hop,Elektra (NEK),80.3,53.5,D,-10.84,Major,11.0,17.3,0.0,27.3,36.7,150,4,2021,[1uU7g3DNSbsu0QjSEqZtEd],[Masked Wolf],[754335],[64]
7BFXQINSdAqgOmMydTGnKG,You Ain't The Problem - Claptone Remix,You Ain't The Problem (Claptone Remix),"Michael Kiwanuka,Claptone",M,2 019,2.75,50,Soul/Funk/Motown,Polydor Records,75.0,87.9,F#,-4.25,Major,3.59,0.74,0.0,29.6,65.6,124,4,2021,"[0bzfPKdbXL5ezYW2z3UGQj,4mncDFjVLUa3s025Tct3Ry]","[Michael Kiwanuka,Claptone]","[1503582,547396]","[69,63]"
5YYW3yRktprLRr47WK219Y,Ella No Es Tuya - Remix,Ella No Es Tuya (Remix),"Rochy RD,Myke Towers,Nicki Nicole",N/A,2 021,3.64,65,Rap,Sony Music Latin,58.5,61.1,F#,-4.13,Major,28.8,39.0,0.0,64.9,96.2,97,4,2021,"[4riOEaOW5hCeqomFDBk0aP,7iK8PXO48WeuP03g8YR51W,2UZIAOlrnyZmyzt1nuXr9y]","[Rochy RD,Myke Towers,Nicki Nicole]","[1330823,17163121,7785656]","[63,90,80]"
3CtfBYewF9YoIj4tN1Xuh6,Find A Way (feat. Lil Baby),Back of My Mind,"H.E.R.,Lil Baby",N/A,2 021,3.29,37,Rap,MBK Entertainment/RCA Records,59.7,66.3,A,-6.99,Major,43.6,0.73,0.0,7.91,57.7,158,4,2021,"[3Y7RZ31TRPVadSFVy1o8os,5f7VJjfbwm532GiveGC0ZK]","[H.E.R.,Lil Baby]","[7963703,18931364]","[77,87]"
7tpTeZgPPcpGHmKLwQClXt,Everything (... Is Never Quite Enough),Toxu,"Wasis Diop,Beth Hirsch",N/A,1 998,4.53,35,World,Universal Music Division Mercury Records,66.1,61.9,G#,-9.73,Major,3.01,9.43,3.04,9.07,27.1,143,4,2021,"[5WgEnjgCrT1aeQELTV3tdB,7a1nGgiWVcRP4PV6xkXQ96]","[Wasis Diop,Beth Hirsch]","[9914,8648]","[30,51]"
1lRkDJ9hMuiE1GZOlbgkam,Exodus,Exodus,Bob Marley & The Wailers,N/A,1 977,7.67,57,Reggae,Tuff Gong,86.8,74.4,G,-8.57,Major,5.02,3.01,0.5,17.2,96.1,133,4,2021,[2QsynagSdAqZj3U9HgDzjD],[Bob Marley & The Wailers],[12793787],[81]
65OVbaJR5O1RmwOQx0875b,Wants and Needs (feat. Lil Baby),Scary Hours 2,"Drake,Lil Baby",N/A,2 021,3.22,73,Hip Hop,OVO,57.8,44.9,C#,-6.35,Major,28.6,6.18,0.0,11.9,10.0,136,4,2021,"[3TVXtAsR1Inumwj472S9r4,5f7VJjfbwm532GiveGC0ZK]","[Drake,Lil Baby]","[93296075,18931364]","[96,87]"
4Dq749x2QP6OXTURJ9GGY8,The Tears Of A Clown,Make It Happen,Smokey Robinson & The Miracles,N/A,1 967,3.03,54,Soul/Funk/Motown,UNI/MOTOWN,59.3,60.7,C#,-9.89,Major,2.83,14.7,0.0,12.8,95.3,128,4,2021,[6TKOZZDd5uV5KnyC5G4MUt],[Smokey Robinson & The Miracles],[1223813],[57]
5YLnfy7R2kueN0BRPkjiEG,I'll Take You There,The Very Best Of The Staple Singers,The Staple Singers,N/A,2 007,3.28,63,Soul/Funk/Motown,Stax,84.6,59.5,C,-8.37,Major,4.39,9.04,0.0,6.3,78.0,102,4,2021,[7xGGqA85UIWX1GoTVM4itC],[The Staple Singers],[352007],[53]
7pv80uUHfocFqfTytu1MVi,Didn't Cha Know,Mama's Gun,Erykah Badu,F,2 000,3.98,69,R&B,Motown (Kedar),75.3,47.2,D#,-9.76,Minor,12.1,48.4,1.27,28.4,81.6,135,4,2021,[7IfculRW2WXyzNQ8djX8WX],[Erykah Badu],[3004057],[69]
5I0qCoNe6cOfXajLAzazUN,So Hard,So Hard,Nezi,F,2 021,2.98,2,R&B,NEZI MUSIC,63.2,42.6,E,-11.38,Minor,4.9,30.2,0.0,9.25,23.8,130,4,2021,[09LvpbdDJHTFARXMJ04Rto],[Nezi],[622],[6]
1bWh6WbYzSFxsOKzE4EpUu,Good Days,Good Days,SZA,F,2 020,4.65,52,R&B,Top Dawg Entertainment/RCA Records,47.2,65.5,C#,-8.39,Minor,5.61,48.8,0.0,68.8,41.6,121,4,2021,[7tYKF4w9nC0nq9CsPZTHyP],[SZA],[24229902],[90]
5RPuPEZ0HiXPTnzwqfJMa8,Switch It Up (feat. Koffee),In Search Of Lost Time,"Protoje,Original Koffee",M,2 020,3.92,46,Reggae,In.Digg.Nation Collective/Six Course Music/RCA Records,78.1,83.1,A#,-6.06,Minor,11.1,5.96,0.0,18.7,66.1,140,4,2021,"[7BGR8y1VZAWK2oR4zD9COr,1gWjcmBsveEYMxOZ0VRi32]","[Protoje,Original Koffee]","[424809,741409]","[59,57]"
3XEHn72yyeU5VmCrvqh37n,Allure,The Black Album,JAY-Z,M,2 003,4.85,15,Hip Hop,Roc Nation / Jay-Z,61.7,88.3,A,-3.39,Minor,28.9,21.3,0.0,26.5,37.3,87,4,2021,[3nFkdlSjzX9mRTtwJOzDYB],[JAY-Z],[9547380],[85]
4eSn3WcTUYdM5dYnSf7v8K,Neighbors,4 Your Eyez Only,J. Cole,M,2 016,3.61,32,Hip Hop,J. Cole P&D,89.8,27.6,B,-12.38,Minor,34.0,28.9,0.02,10.7,44.4,139,4,2021,[6l3HvQ5sa6mXTsMTB19rO5],[J. Cole],[24950425],[86]
1yg7fwwYmx9DQ2TdXUmfpJ,Holding Back the Years - 2008 Remaster,Picture Book (Expanded Version),Simply Red,M,1 985,4.5,67,Soul/Funk/Motown,Rhino/Elektra,71.0,51.4,A,-8.89,Minor,2.78,58.0,0.02,9.53,51.7,86,4,2021,[1fa0cOhromAZdq2xRA4vv8],[Simply Red],[2497330],[69]
6Axz5VSkc4Bs8eXWQxnynE,If You Really Love Me,Where I'm Coming From,Stevie Wonder,M,1 971,3.01,48,Soul/Funk/Motown,Motown,56.5,40.4,A,-10.97,Minor,4.48,30.2,0.0,12.5,67.5,124,4,2021,[7guDJrEfX3qb6FEbdPA5qi],[Stevie Wonder],[6661844],[77]
15ouqiBsgL12olEwP3COsH,Águas De Março,Elis & Tom,"Elis Regina,Antônio Carlos Jobim",N/A,1 974,3.57,64,Jazz,Universal Music Ltda.,68.3,51.7,C,-11.86,Minor,23.0,70.0,0.0,10.9,67.3,144,4,2021,"[0yFvXd36g5sNKYDi0Kkvl8,3pO5VjZ4wOHCMBXOvbMISG]","[Elis Regina,Antônio Carlos Jobim]","[1422223,770817]","[63,70]"
4f1KkbXHnfIVZ9vmIExByJ,That's Where I Am,That's Where I Am,Maggie Rogers,F,2 022,4.21,0,Pop,Capitol Records,27.0,76.0,G,-3.74,Major,5.0,13.0,0.0,7.0,15.0,181,4,2022,[4NZvixzsSefsNiIqXn0NDe],[Maggie Rogers],[1166373],[72]
4Csvnz7PR04ttCcDAhUz6o,Bliss,Three Dimensions Deep,Amber Mark,F,2 022,2.9,42,R&B,EMI,77.0,36.0,C,-6.48,Major,4.0,9.0,0.0,12.0,52.0,73,4,2022,[0tbeZu9lv8YEKSQ9tZSslu],[Amber Mark],[430709],[58]
2FYGZDfsAnNsrm1gVbyKnG,SAOKO,MOTOMAMI,ROSALÍA,F,2 022,2.29,63,R&B,Columbia,83.0,77.0,C,-5.7,Major,27.0,79.0,0.0,50.0,73.0,100,4,2022,[7ltDVBr6mKbRvohxheJ9h1],[ROSALÍA],[8375671],[81]
3EwTIu5qka2l5ZekB0b6QC,Angelica,Wet Leg,Wet Leg,F,2 022,3.87,50,Rock,Domino Recording Co,49.0,87.0,C,-5.14,Major,4.0,0.0,0.0,37.0,31.0,132,4,2022,[2TwOrUcYnAlIiKmVQkkoSZ],[Wet Leg],[659579],[58]
6onpcMnD3eVbTq1B5th05E,The Furthest Thing,Humble Quest,Maren Morris,F,2 022,3.91,29,Rock,Columbia Nashville,41.0,38.0,G#,-10.31,Major,4.0,91.0,0.0,17.0,26.0,82,4,2022,[6WY7D3jk8zTrHtmkqqo5GI],[Maren Morris],[833238],[71]
2KukL7UlQ8TdvpaA7bY3ZJ,BREAK MY SOUL,BREAK MY SOUL,Beyoncé,F,2 022,4.64,61,R&B,Parkwood Entertainment/Columbia,69.0,89.0,C#,-5.04,minor,8.0,6.0,0.0,27.0,85.0,115,4,2022,[6vWDO969PvNqNYHIOW5v0m],[Beyoncé],[38943874],[87]
5MA0iU2dyAFwWUzfyrk2di,Persuasive,Persuasive,Doechii,F,2 022,3.61,50,R&B,Top Dawg Entertainment/Capitol Records,82.0,63.0,G,-5.83,minor,13.0,14.0,0.0,15.0,50.0,120,4,2022,[4E2rKHVDssGJm2SCDOMMJB],[Doechii],[656414],[76]
06tKb2aBA9sma7Sftu7kSw,keep lookin’ up,star-crossed,Kacey Musgraves,F,2 021,2.77,44,Folk,Kacey Musgraves,54.0,60.0,A,-8.85,minor,4.0,76.0,0.0,16.0,32.0,61,4,2022,[70kkdajctXSbqSMJbQO424],[Kacey Musgraves],[1497161],[77]
2km9fkIwupyw4puhwcYnCP,Do I Move You - Version II,Nina Simone Sings The Blues (Expanded Edition),Nina Simone,F,1 967,2.29,22,Jazz,RCA/Legacy,33.0,60.0,E,-7.37,minor,5.0,78.0,0.0,8.0,63.0,206,3,2022,[7G1GBhoKtEPnP86X2PvEYO],[Nina Simone],[2985353],[70]
1RDz34JJrGPn5msAXvnvoO,Found,For My Friends,Jacob Banks,M,2 021,3.26,46,R&B,Darkroom/Interscope Records,50.0,19.0,G#,-11.12,Major,3.0,79.0,0.0,16.0,23.0,61,4,2022,[0AepkoQhYvkjEzzwIcGxdV],[Jacob Banks],[548251],[59]
5NCbLiZLwjQV5SqkGqtHtA,More Than You Know,In A Sentimental Mood,Dr. John,M,1 989,4.67,14,Jazz,Rhino/Warner Records,36.0,14.0,A#,-18.6,Major,4.0,88.0,0.0,10.0,23.0,178,3,2022,[320TrJub4arztwXRm7kqVO],[Dr. John],[248275],[52]
2gLYOZVuyfmy3TS1ICVyaD,Nobody Knows Me,Lyle Lovett And His Large Band,Lyle Lovett,M,1 989,3.1,33,Rock,Curb Records,40.0,30.0,D,-9.0,Major,3.0,63.0,0.0,18.0,27.0,92,4,2022,[0zlJDQgqnr9AocrH9gs1Es],[Lyle Lovett],[214643],[53]
2p9sprAX27D6U5cuSE9NsM,When I B On Tha Mic,The Master,Rakim,M,1 999,3.72,61,Hip Hop,Universal Records,84.0,48.0,D,-7.33,Major,33.0,5.0,0.0,6.0,84.0,96,4,2022,[3PyWEKLWI0vHPmoNrIX0QE],[Rakim],[933540],[59]
2UclV6Lu93Ssh1spktn0Fp,I Can't Get Next to You,Gets Next to You,Al Green,M,1 971,3.81,40,Soul/Funk/Motown,Fat Possum,77.0,36.0,C,-12.16,Major,7.0,19.0,0.0,8.0,55.0,113,3,2022,[3dkbV4qihUeMsqN4vBGg93],[Al Green],[2057145],[67]
2SIYttGoWnQ2FRlq6rTmkc,I Just Want to Thank You,The South Side of Soul Street: The Minaret Soul Singles 1967-1976,Big John Hamilton,M,2 013,2.54,0,Soul/Funk/Motown,Omnivore Recordings,69.0,26.0,A#,-12.21,Major,3.0,25.0,0.0,18.0,80.0,106,3,2022,[7c8hc2J2n5YQj6pmzs9RO9],[Big John Hamilton],[1441],[18]
4pdLyulbYLCrPmDzWWeJIZ,I've Been Loving You Too Long,Otis Blue: Otis Redding Sings Soul (Collector's Edition),Otis Redding,M,1 965,3.03,61,Soul/Funk/Motown,Rhino Atlantic,50.0,25.0,A,-12.81,Major,3.0,70.0,0.0,10.0,15.0,148,3,2022,[60df5JBRRPcnSpsIMxxwQm],[Otis Redding],[2331150],[72]
0QeI79sp1vS8L3JgpEO7mD,Let's Go Crazy,Purple Rain,Prince,M,1 984,4.67,20,Soul/Funk/Motown,Rhino/Warner Records,31.0,93.0,B,-6.4,Major,13.0,2.0,0.0,11.0,38.0,196,4,2022,[5a2EaR3hamoenG9rDuVn8j],[Prince],[7510983],[72]
63EUqnpcphhZh8SbXagArw,Many Times,Absolutely,Dijon,M,2 021,2.12,53,Soul/Funk/Motown,R&R Digital/Warner Records,75.0,87.0,G,-2.32,Major,10.0,17.0,0.0,27.0,71.0,130,4,2022,[0knGpCTbmG4ctl1wzYRZs4],[Dijon],[369522],[58]
7DCav3rL0B3A5Lp7CXcatN,Mighty Love,Mighty Love,The Spinners,M,1 974,3.28,34,Soul/Funk/Motown,Rhino Atlantic,82.0,63.0,G,-10.75,Major,5.0,59.0,0.0,48.0,72.0,110,4,2022,[5fbhwqYYh4YwUoEs582mq5],[The Spinners],[954720],[61]
0aWMVrwxPNYkKmFthzmpRi,Blue in Green (feat. John Coltrane & Bill Evans),Kind Of Blue (Legacy Edition),"Miles Davis,John Coltrane,Bill Evans",M,1 959,5.63,62,Jazz,Columbia/Legacy,42.0,2.0,D,-25.36,minor,4.0,81.0,0.0,10.0,15.0,110,4,2022,"[0kbYTNQb4Pb1rPbbaF0pT4,2hGh5VOeeqimQFxqXvfCUf,4jXfFzeP66Zy67HM2mvIIF]","[Miles Davis,John Coltrane,Bill Evans]","[2598467,1706046,716336]","[65,67,64]"
1YQWosTIljIvxAgHWTp7KP,Take Five,Time Out,The Dave Brubeck Quartet,M,1 959,5.4,67,Jazz,Columbia/Legacy,45.0,26.0,G#,-13.19,minor,4.0,54.0,0.0,7.0,60.0,174,5,2022,[4iRZAbYvBqnxrbs6K25aJ7],[The Dave Brubeck Quartet],[308727],[58]
7FwBtcecmlpc1sLySPXeGE,Dancing In the Dark,Born In The U.S.A.,Bruce Springsteen,M,1 984,4.02,82,Rock,Columbia,53.0,94.0,C#,-5.64,minor,4.0,1.0,0.0,19.0,50.0,149,4,2022,[3eqjTLE0HfPfh78zjh6TqT],[Bruce Springsteen],[6636282],[79]
07AjyDeE85pDr4Dj8BzgWB,I'm Shakin',Blunderbuss,Jack White,M,2 012,3.0,49,Rock,Third Man Records/Columbia,59.0,78.0,B,-10.05,minor,24.0,1.0,0.0,7.0,76.0,81,4,2022,[4FZ3j1oH43e7cukCALsCwf],[Jack White],[1371361],[60]
5FvXe5bz4nQQ4eBaitt4EC,MAGIC,MAGIC,"Vince Staples,Mustard",M,2 022,3.77,48,Hip Hop,Blacksmith Recordings/Motown Records,74.0,58.0,A,-6.65,minor,18.0,27.0,0.0,13.0,29.0,90,4,2022,"[68kEuyFKyqrdQQLLsmiatm,0YinUQ50QDB7ZxSCLyQ40k]","[Vince Staples,Mustard]","[1950191,1381685]","[70,74]"
62hpoPrA3rtfeX1aWONig5,Split/Whole Time,Lil Boat 3,Lil Yachty,M,2 020,3.99,55,Hip Hop,Quality Control Music/Motown Records,67.0,49.0,A,-8.77,minor,42.0,20.0,0.0,16.0,39.0,145,4,2022,[6icQOAFXDZKsumw3YXyusw],[Lil Yachty],[10287058],[81]
4Gasn91fsCefnN8zM5GjA8,Finesse,Finesse,"Pheelz,Bnxn",M,2 022,2.59,63,Afrobeats,Warner Records,86.0,55.0,C#,-7.92,minor,15.0,56.0,0.0,19.0,78.0,102,4,2022,"[5Jv1MsZBh0sqokFq7pU8Xg,3zaDigUwjHvjOkSn0NDf9x]","[Pheelz,Bnxn]","[543087,1903151]","[60,72]"
2PDgArI0p7UkeYgXWuqpmh,Last Last,Last Last,Burna Boy,M,2 022,2.87,2,Afrobeats,Spaceship/ Bad Habit/Atlantic Records,80.0,57.0,D#,-4.46,minor,9.0,13.0,0.0,8.0,55.0,88,4,2022,[3wcj11K77LjEY1PkEazffa],[Burna Boy],[10576504],[81]
7sg9kDT8H2P0wPACXnWRdN,Tamagotchi,Ivory,Omar Apollo,M,2 022,2.82,49,Soul/Funk/Motown,Warner Records,76.0,51.0,B,-6.94,minor,17.0,8.0,0.0,13.0,55.0,133,4,2022,[5FxD8fkQZ6KcsSYupDVoSO],[Omar Apollo],[1055884],[69]
0hihs6rrk3eL2iRS0xzmpX,Better (feat. Shana Tucker & Eric Roberson),Love In Flying Colors,"The Foreign Exchange,Shana Tucker,Eric Roberson",N/A,2 013,4.98,26,Hip Hop,The Foreign Exchange Music,51.0,59.0,A#,-8.74,Major,13.0,8.0,0.0,9.0,65.0,93,4,2022,"[60R4M19QBXvs0gO4IL6CpS,0KNylMopqFPVtgIDUt7xmR,2ewAU3d4El7WSIxWUJaZJn]","[The Foreign Exchange,Shana Tucker,Eric Roberson]","[111784,895,172159]","[38,14,41]"
1bj5ZFpxGFP5ooQcctNVB4,Energy,Energy,"Sampa the Great,Nadeem Din-Gabisi",N/A,2 018,4.98,51,Hip Hop,Sampa The Great,49.0,57.0,G,-7.01,Major,30.0,17.0,0.0,12.0,31.0,90,4,2022,"[7fw0E8WHdG3r9SuPBcGmWk,4ckH39T1k1Dz6Lmo6dmno6]","[Sampa the Great,Nadeem Din-Gabisi]","[285457,2188]","[49,36]"
6g5ov3aSDUvvDkQKIcmZQI,"Guantanamera (feat. Ms. Lauryn Hill, Celia Cruz & Jeni Fujita)",Wyclef Jean presents The Carnival featuring Refugee Allstars (feat. Refugee All Stars),"Wyclef Jean,Ms. Lauryn Hill,Celia Cruz,Jeni Fujita",N/A,1 997,4.51,53,Hip Hop,Ruffhouse/Columbia,83.0,43.0,D,-8.99,Major,18.0,0.0,0.0,12.0,39.0,88,4,2022,"[7aBzpmFXB4WWpPl2F7RjBe,2Mu5NfyYm8n5iTomuKAEHl,2weA6hhVqTIN2gSn9PUB9U,4jispKkgFHkoH9imP874K2]","[Wyclef Jean,Ms. Lauryn Hill,Celia Cruz,Jeni Fujita]","[361691,3118436,634147,187]","[73,75,65,39]"
3BtuIIrQlkujKPuWF2B85z,Too Good,Views,"Drake,Rihanna",N/A,2 016,4.39,72,Hip Hop,Cash Money Records/Young Money Ent./Universal Rec.,79.0,65.0,G,-7.84,Major,10.0,5.0,0.0,10.0,40.0,118,4,2022,"[3TVXtAsR1Inumwj472S9r4,5pKCCKE2ajJHZ9KAiaK11H]","[Drake,Rihanna]","[93296075,63627000]","[96,92]"
13z7RLPmgupzRwQY9NiTZU,Cherries,Girl Eats Sun,"Hope Tala,Aminé",N/A,2 020,3.06,47,Hip Hop,EMI,80.0,69.0,A#,-6.74,minor,10.0,2.0,0.0,7.0,77.0,90,4,2022,"[74CcYmmNeHKe5PrZaISk8e,3Gm5F95VdRxW3mqCn8RPBJ]","[Hope Tala,Aminé]","[176420,1968251]","[52,68]"
2g6tReTlM2Akp41g0HaeXN,Die Hard,Mr. Morale & The Big Steppers,"Kendrick Lamar,Blxst,Amanda Reifer",N/A,2 022,3.98,72,Hip Hop,pgLang/Top Dawg Entertainment/Aftermath/Interscope Records,78.0,74.0,C#,-8.07,minor,25.0,32.0,0.0,13.0,36.0,101,4,2022,"[2YZyLoL8N0Wb9xBt1NhZWg,4qXC0i02bSFstECuXP2ZpL,1PpDfXOUG7gxUjR1quWnwp]","[Kendrick Lamar,Blxst,Amanda Reifer]","[34068852,528518,15681]","[92,69,58]"
3k3NWokhRRkEPhCzPmV8TW,Ojitos Lindos,Un Verano Sin Ti,"Bad Bunny,Bomba Estéreo",N/A,2 022,4.3,81,Reggaeton,Rimas Entertainment LLC,65.0,69.0,D#,-5.75,minor,4.0,8.0,0.0,53.0,27.0,80,4,2022,"[4q3ewBCX7sLwd24euuV69X,5n9bMYfz9qss2VOW89EVs2]","[Bad Bunny,Bomba Estéreo]","[86916993,1080604]","[95,69]"
0Jl5bIEve3A4axcjY3EgDZ,Feelin' Alright,With A Little Help From My Friends,Joe Cocker,M,1 969,4.18,59,Rock,A&M,54.0,82.0,F,-10.14,Major,4.0,63.0,4.0,30.0,90.0,90,4,2022,[3pFCERyEiP5xeN2EsPXhjI],[Joe Cocker],[2412649],[65]
7aBRoWtp9jsZFxwml1LfeG,Pull Up,Pull Up,Original Koffee,F,2 022,2.85,2,House/Dance,Columbia,81.0,60.0,G,-3.3,Major,9.0,32.0,5.0,9.0,65.0,103,4,2022,[1gWjcmBsveEYMxOZ0VRi32],[Original Koffee],[741409],[57]
5LYMamLv12UPbemOaTPyeV,Music For a Sushi Restaurant,Harry's House,Harry Styles,M,2 022,3.23,69,Pop,Columbia,72.0,72.0,B,-4.65,Major,4.0,26.0,6.0,11.0,36.0,107,4,2022,[6KImCVD70vtIoJWnq6nGn3],[Harry Styles],[33097935],[85]
62lLZOUN0AmYBaw6es63l5,Apple Tree Blues,Apple Tree Blues,Caamp,M,2 022,3.54,40,Folk,Mom+Pop,54.0,65.0,G#,-10.93,Major,3.0,52.0,6.0,12.0,74.0,173,4,2022,[0wyMPXGfOuQzNR54ujR9Ix],[Caamp],[642453],[70]
3yGy1JYz3zQKlxSgjgpQqX,Praise You,You've Come A Long Way Baby,Fatboy Slim,M,1 998,5.39,53,Electronic,Astralwerks,60.0,89.0,C#,-8.64,Major,5.0,10.0,27.0,17.0,53.0,110,4,2022,[4Y7tXHSEejGu1vQ9bwDdXW],[Fatboy Slim],[1293934],[64]
4euxFlxLWVGmZZLyYARTyE,Spanish Joint,Voodoo,D'Angelo,M,2 000,5.74,48,Soul/Funk/Motown,Virgin Records,73.0,50.0,C,-8.91,minor,8.0,54.0,32.0,13.0,78.0,112,4,2022,[336vr2M3Va0FjyvB55lJEd],[D'Angelo],[1237859],[61]
7mvKpoeI6sq6osDtSb9xcF,Save Me,I Never Loved a Man the Way I Love You,Aretha Franklin,F,1 967,2.36,33,Soul/Funk/Motown,Rhino Atlantic,84.0,44.0,A,-9.44,Major,5.0,54.0,1.0,11.0,53.0,120,4,2022,[7nwUJBm0HE4ZxD3f5cy5ok],[Aretha Franklin],[3494316],[72]
2kBHv0gFA2iheTUXmPB9e1,Under Control,Ego Death,The Internet,N/A,2 015,4.07,48,Hip Hop,Odd Future,71.0,71.0,G,-6.13,Major,6.0,33.0,1.0,19.0,50.0,98,4,2022,[7GN9PivdemQRKjDt4z5Zv8],[The Internet],[1454609],[61]
6kJBDQLD0YOAyqmo9HWBrR,Vibe Out,If Orange Was A Place,Tems,F,2 021,4.96,50,Afrobeats,RCA Records/Since 93',54.0,46.0,F#,-8.74,minor,6.0,66.0,49.0,10.0,60.0,140,4,2022,[687cZJR45JO7jhk1LHIbgq],[Tems],[2516746],[78]
09DR0sHnQUhHOiSNttc1mv,Not Strong Enough,the record,"boygenius,Julien Baker,Phoebe Bridgers,Lucy Dacus",F,2 023,3.92,72,Pop,boygenius under exclusive license to Interscope Records,50.0,80.0,C#,-5.91,Major,4.0,0.0,0.0,10.0,31.0,127,4,2023,"[1hLiboQ98IQWhpKeP9vRFw,12zbUHbPHL5DGuJtiUfsip,1r1uxoy19fzMxunt3ONAkG,07D1Bjaof0NFlU32KXiqUP]","[boygenius,Julien Baker,Phoebe Bridgers,Lucy Dacus]","[969821,499469,2609944,527862]","[67,68,79,69]"
1EhvYd5e7vkoN3udEN1Vyl,Got 'Til It's Gone,The Velvet Rope,"Janet Jackson,Q-Tip,Joni Mitchell",F,1 997,4.03,61,R&B,Virgin Records,75.0,36.0,G,-10.38,Major,28.0,2.0,0.0,28.0,53.0,90,4,2023,"[4qwGe91Bz9K2T8jXTZ815W,3ZotbHeyVQKxQCPDJuQ4SU,5hW4L92KnC6dX9t7tYM4Ve]","[Janet Jackson,Q-Tip,Joni Mitchell]","[3981086,610105,1517253]","[66,61,63]"
4iZ4pt7kvcaH6Yo8UoZ4s2,Snooze,SOS,SZA,F,2 022,3.36,85,R&B,Top Dawg Entertainment/RCA Records,56.0,55.0,F,-7.23,Major,13.0,14.0,0.0,11.0,39.0,143,4,2023,[7tYKF4w9nC0nq9CsPZTHyP],[SZA],[24229902],[90]
0xGcAq56TXf3RnSHkCiL9k,Dr. Feelgood (Love Is a Serious Business),I Never Loved a Man the Way I Love You,Aretha Franklin,F,1 967,3.39,37,Jazz,Rhino Atlantic,64.0,37.0,G,-9.63,Major,3.0,38.0,0.0,19.0,36.0,142,3,2023,[7nwUJBm0HE4ZxD3f5cy5ok],[Aretha Franklin],[3494316],[72]
7FvHEqbqeG3hoNZBBUjkVC,The Devil I Know,The Devil I Know,Ashley McBryde,F,2 023,3.13,37,Rock,Warner Music Nashville,54.0,67.0,D,-5.2,Major,4.0,9.0,0.0,11.0,61.0,168,4,2023,[371jpyGdoChzUASOIG2ECV],[Ashley McBryde],[302859],[55]
1Jwc3ODLQxtbnS8M9TflSP,Walk Like an Egyptian,The Essential Bangles,The Bangles,F,2 004,3.41,61,Rock,Columbia,72.0,89.0,B,-7.82,Major,10.0,0.0,0.0,30.0,82.0,103,4,2023,[51l0uqRxGaczYr4271pVIC],[The Bangles],[1501737],[64]
0va257dK5KpE35Gd2EHH7E,Penas con Pan,Penas con Pan,La Doña,F,2 022,1.72,33,Latin,La Doña,66.0,59.0,A,-5.04,Major,5.0,5.0,0.0,8.0,75.0,170,4,2023,[5eBVoDUYv0feTepoBSz4SJ],[La Doña],[21937],[29]
0ZxhtATQ0a6EvQNZ0z6NKV,Princess Diana (with Nicki Minaj),Princess Diana (with Nicki Minaj),"Ice Spice,Nicki Minaj",F,2 023,2.87,68,Hip Hop,10K Projects/Capitol Records,90.0,69.0,A,-5.09,Major,17.0,17.0,0.0,10.0,77.0,148,4,2023,"[3LZZPxNDGDFVSIPqf4JuEf,0hCNtLu0JehylgoiP8L4Gh]","[Ice Spice,Nicki Minaj]","[4166982,32701154]","[75,87]"
6RlczF1bVrcf4f65qaXuoA,Contact,Raven,Kelela,F,2 023,4.01,46,R&B,Warp Records,72.0,82.0,F#,-8.8,minor,7.0,39.0,13.0,9.0,74.0,127,4,2023,[1U0sIzpRtDkvu1hXXzxh60],[Kelela],[378048],[53]
6kIgzGx7gH0qAKTFTF5GsU,Only Have Eyes 42,The Age of Pleasure,Janelle Monáe,F,2 023,2.83,42,R&B,Bad Boy Records,61.0,73.0,G,-4.47,minor,6.0,24.0,0.0,42.0,53.0,80,4,2023,[6ueGR6SWhUJfvEhqkvMsVs],[Janelle Monáe],[1479662],[67]
3htVhQPsTXWAkAXYRkfRSz,Try Me,Try Me,Jorja Smith,F,2 023,3.57,42,R&B,FAMM,70.0,58.0,F#,-6.94,minor,8.0,12.0,0.0,14.0,63.0,105,4,2023,[1CoZyIx7UvdxT5c8UkMzHd],[Jorja Smith],[3495238],[74]
5jkd3e1qgmsTWJm3NvQ7X4,Cry Me A River,"Clap Hands, Here Comes Charlie! (Expanded Edition)",Ella Fitzgerald,F,1 989,4.28,44,Jazz,Verve Reissues,44.0,15.0,G#,-12.76,minor,4.0,96.0,0.0,10.0,35.0,133,4,2023,[5V0MlUE1Bft0mbLlND7FJz],[Ella Fitzgerald],[2559247],[70]
5V9XFfvCG4WP5ZdISOLvaF,Sability,Sability,Ayra Starr,F,2 023,2.78,59,Afrobeats,Mavin Records,85.0,70.0,E,-8.74,minor,4.0,10.0,0.0,10.0,85.0,120,4,2023,[3ZpEKRjHaHANcpk10u6Ntq],[Ayra Starr],[3846778],[78]
1WPqawIF9HCKfSOt7mN6X0,Nowhere To Run,Dance Party,Martha Reeves & The Vandellas,F,1 965,3.03,59,Soul/Funk/Motown,UNI/MOTOWN,61.0,82.0,D,-9.38,minor,5.0,10.0,1.0,5.0,88.0,129,4,2023,[1Pe5hlKMCTULjosqZ6KanP],[Martha Reeves & The Vandellas],[467864],[55]
3zIuHdD8dkh1vPxQu334T7,Blue Train,Blue Train,John Coltrane,M,1 957,10.72,50,Jazz,Blue Note Records,50.0,29.0,G#,-15.43,Major,5.0,64.0,0.0,16.0,57.0,136,4,2023,[2hGh5VOeeqimQFxqXvfCUf],[John Coltrane],[1706046],[67]
3QcuZo6WLcFkqqLmDs0d95,Doctor My Eyes,Jackson Browne (Saturate Before Using),Jackson Browne,M,1 972,3.33,2,Rock,Asylum,48.0,63.0,F,-8.41,Major,3.0,27.0,0.0,9.0,54.0,76,4,2023,[5lkiCO9UQ8B23dZ1o0UV4m],[Jackson Browne],[1374612],[62]
1Lo0QY9cvc8sUB2vnIOxDT,Fast Car,Gettin' Old,Luke Combs,M,2 023,4.42,82,Rock,River House Artists/Columbia Nashville,71.0,60.0,G#,-5.52,Major,3.0,19.0,0.0,12.0,67.0,98,4,2023,[718COspgdWOnwOFpJHRZHS],[Luke Combs],[11682296],[87]
3Nf8oGn1okobzjDcFCvT6n,I'll Stand by You,Last of the Independents,Pretenders,M,1 994,4.01,69,Rock,Rhino/Warner Records,44.0,61.0,G,-6.55,Major,3.0,30.0,0.0,8.0,27.0,134,4,2023,[0GByy3DcfbQwDvXGCWmzv9],[Pretenders],[1557220],[64]
6i81qFkru6Kj1IEsB7KNp2,Just Breathe,Backspacer,Pearl Jam,M,2 009,3.6,66,Rock,Universal-Island Records Ltd.,47.0,35.0,C,-11.1,Major,3.0,72.0,0.0,8.0,28.0,108,4,2023,[1w5Kfo2jwwIPruYS2UWh56],[Pearl Jam],[9142741],[77]
7faybsF8gIVvWtAp9hUcI2,Soul Survivor,Exile On Main Street (2010 Re-Mastered),The Rolling Stones,M,1 972,3.81,34,Rock,Polydor Records,34.0,92.0,F,-3.94,Major,4.0,18.0,18.0,29.0,53.0,115,4,2023,[22bE4uQ6baNwSHPVcDxLCe],[The Rolling Stones],[14614334],[80]
2qhASBzpbFhPRtrnZ5lLnz,Unchained Melody,Just Once In My Life,The Righteous Brothers,M,1 965,3.63,76,Rock,Universal Records,34.0,21.0,C,-16.73,Major,3.0,40.0,0.0,18.0,29.0,99,3,2023,[4b0WsB47XCa9F83BmwQ7WX],[The Righteous Brothers],[652159],[65]
26WPI2aksB9XdqmeLfca5z,Funky Kingston,Funky Kingston,Toots & The Maytals,M,1 973,4.93,53,Reggae,Island Records,78.0,46.0,B,-12.36,Major,8.0,27.0,0.0,4.0,96.0,99,4,2023,[6ZFv3wQwwWPiVDWhv0mjQK],[Toots & The Maytals],[474635],[57]
3ia3dJETSOllPsv3LJkE35,California Love - Original Version,Greatest Hits,"2Pac,Roger,Dr. Dre",M,1 998,4.75,79,Hip Hop,2Pac Greatest Hits,76.0,85.0,G,-3.05,Major,4.0,3.0,0.0,37.0,76.0,92,4,2023,"[1ZwdS5xdxEREPySFridCfh,3GMoVpWJy4smKuxFuFTwXC,6DPYiyq5kWVQS4RGwxzPC7]","[2Pac,Roger,Dr. Dre]","[19520112,188360,12768999]","[82,66,82]"
78MA8xdZCe4KS9SuIxs1Ce,Drums,Red Eye,"Money Man,Babyface Ray",M,2 023,3.03,37,Hip Hop,Black Circle / EMPIRE,85.0,65.0,B,-6.3,Major,22.0,17.0,2.0,13.0,52.0,145,4,2023,"[3Rx4PJ7SP6unkOk5elPUK7,3zZ88AwlTwfCJkowsFCvLA]","[Money Man,Babyface Ray]","[685165,329953]","[69,66]"
3pm0lUOKsphN8A3VLZivuS,PARABOLIC!,PARABOLIC!,nobigdyl.,M,2 020,2.64,49,Hip Hop,indie tribe.,91.0,63.0,G#,-4.4,Major,6.0,2.0,0.0,10.0,75.0,88,4,2023,[2d8NsBa8O4C6bgQatFP5V4],[nobigdyl.],[162510],[61]
3zBhihYUHBmGd2bcQIobrF,(Sittin' On) the Dock of the Bay,The Dock of the Bay (Mono),Otis Redding,M,1 968,2.73,78,Soul/Funk/Motown,Rhino Atlantic,77.0,37.0,D,-11.23,Major,3.0,68.0,0.0,8.0,53.0,104,4,2023,[60df5JBRRPcnSpsIMxxwQm],[Otis Redding],[2331150],[72]
5hReWjUHqPqkHi31G7izL4,Inner City Blues (Make Me Wanna Holler),What's Going On,Marvin Gaye,M,1 971,5.46,57,Soul/Funk/Motown,UNI/MOTOWN,63.0,46.0,C#,-13.67,Major,3.0,79.0,13.0,13.0,65.0,94,4,2023,[3koiLjNrgRTNbOwViDipeA],[Marvin Gaye],[5521779],[76]
65Ywa7EspM0tSZreKwOmnL,Everything Is Broken,Oh Mercy,Bob Dylan,M,1 989,3.22,35,Rock,Columbia,77.0,80.0,B,-7.94,minor,6.0,0.0,2.0,8.0,87.0,132,4,2023,[74ASZWbe4lXaubB36ztrGX],[Bob Dylan],[6669323],[74]
7G3lxTsMfSx4yarMkfgnTC,The World Is Yours,Illmatic,Nas,M,1 994,4.84,67,Hip Hop,Columbia,68.0,79.0,A#,-6.19,minor,14.0,27.0,0.0,12.0,54.0,87,4,2023,[20qISvAhX20dpIbOOzGK3q],[Nas],[3951615],[74]
40EXFgNMOIQRQOwJZ8mJkC,Who Told You (feat. Drake),Who Told You (feat. Drake),"J Hus,Drake",M,2 023,3.48,63,Hip Hop,Black Butter,73.0,74.0,B,-4.61,minor,32.0,16.0,0.0,12.0,87.0,77,4,2023,"[2a0uxJgbvvIRI4GX8pYfcr,3TVXtAsR1Inumwj472S9r4]","[J Hus,Drake]","[1300947,93296075]","[66,96]"
2UW7JaomAMuX9pZrjVpHAU,La Bebe - Remix,La Bebe (Remix),"Yng Lvcas,Peso Pluma",M,2 023,3.91,81,Reggaeton,WM Mexico,81.0,48.0,D,-5.68,minor,33.0,21.0,0.0,8.0,56.0,170,4,2023,"[1NNRWkhwmcXRimFYSBpB1y,12GqGscKJx3aE4t07u7eVZ]","[Yng Lvcas,Peso Pluma]","[387698,17223560]","[70,93]"
1qmoBuSioVcdk6PzpomMMg,Tempted,Tempted,J'calm,M,2 023,3.23,43,Reggaeton,5K Records Limited,50.0,58.0,E,-7.88,minor,15.0,12.0,0.0,12.0,14.0,96,4,2023,[2i6VWRGP6MLsPpKPRTRMkY],[J'calm],[80204],[56]
4LhomLO7QYlHsX2mgdQR9X,Dance Me to the End of Love - Live,The Essential Leonard Cohen,Leonard Cohen,M,2 002,6.07,35,Electronic,Columbia,40.0,50.0,E,-11.48,minor,4.0,57.0,1.0,98.0,42.0,133,4,2023,[5l8VQNuIg0turYE1VtM9zV],[Leonard Cohen],[3474937],[67]
1bpaA5Pn4jlo1cRAOBNQnh,Golden Lady,Innervisions,Stevie Wonder,M,1 973,4.97,46,Soul/Funk/Motown,Motown,42.0,80.0,C,-9.79,minor,7.0,26.0,0.0,21.0,55.0,102,4,2023,[7guDJrEfX3qb6FEbdPA5qi],[Stevie Wonder],[6661844],[77]
7oOEFDLSQscl0uGulnIEmG,Love & Hate,Love & Hate,Michael Kiwanuka,M,2 016,7.12,63,Soul/Funk/Motown,Polydor Records,28.0,49.0,G,-7.85,minor,3.0,16.0,0.0,17.0,53.0,170,4,2023,[0bzfPKdbXL5ezYW2z3UGQj],[Michael Kiwanuka],[1503582],[69]
6Pkj4nv5K53i64cLVgkVyY,Reach Out I'll Be There,Reach Out,Four Tops,M,1 967,2.98,63,Soul/Funk/Motown,Motown,61.0,60.0,D#,-8.91,minor,3.0,3.0,0.0,19.0,74.0,120,4,2023,[7fIvjotigTGWqjIz6EP1i4],[Four Tops],[1160659],[65]
1LnTC50m1LHC36jtKo0UJk,Ain't No Harmin' Me,Ain't No Harmin' Me,The War And Treaty,N/A,2 023,3.84,22,Rock,UMG Nashville,47.0,76.0,A#,-6.33,Major,5.0,8.0,0.0,13.0,28.0,89,4,2023,[6HhV0jtMMK5HYnYgG0xgtz],[The War And Treaty],[130684],[65]
44BmNSqH9uZV5OfIjGcER3,River Deep - Mountain High,River Deep-Mountain High,Ike & Tina Turner,N/A,1 966,3.58,50,Soul/Funk/Motown,Hip-O Select,39.0,75.0,D#,-7.0,Major,4.0,78.0,0.0,14.0,27.0,83,4,2023,[1ZikppG9dPedbIgMfnfx8k],[Ike & Tina Turner],[328234],[51]
3Eax1yebRxj6LSYpxE9Yd3,VAMPIROS,RR,ROSALÍA,N/A,2 023,2.94,61,R&B,Columbia Records/Duars Entertainment/Sony Music Latin,77.0,68.0,A,-4.28,minor,5.0,14.0,2.0,8.0,47.0,102,4,2023,"[7ltDVBr6mKbRvohxheJ9h1,1mcTU81TzQhprhouKaTkpq]","[ROSALÍA,Rauw Alejandro]","[8375671,24186686]","[81,90]"
61xtcyTyR9oXMnGmjVDAVW,Watching The Credits,Watching The Credits,The Beths,N/A,2 023,3.25,12,Rock,Carpark Records,38.0,68.0,G,-10.0,minor,4.0,0.0,0.0,13.0,43.0,167,4,2023,[7DjwIxbe8kpw4pqnzAMoin],[The Beths],[153801],[48]
5h68SoVFGleijCtjEja3xG,365,BRAT,Charli xcx,F,2 024,3.39,80,Pop,Atlantic Records,76.0,86.0,C#,-5.12,Major,11.0,15.0,50.0,16.0,73.0,127,4,2024,[25uiPmTg16RbhZWAqwLBy5],[Charli xcx],[4405458],[88]
7BRD7x5pt8Lqa1eGYC4dzj,CHIHIRO,HIT ME HARD AND SOFT,Billie Eilish,F,2 024,5.06,88,Pop,Darkroom/Interscope Records,70.0,43.0,G,-12.53,Major,5.0,14.0,88.0,8.0,52.0,110,4,2024,[6qqNVTkY8uBg9cP3Jd7DAH],[Billie Eilish],[102057941],[96]
2FQrifJ1N335Ljm3TjTVVf,A Bar Song (Tipsy),A Bar Song (Tipsy),Shaboozey,M,2 024,2.85,88,Pop,American Dogwood / EMPIRE,72.0,71.0,A,-4.95,Major,3.0,6.0,0.0,8.0,60.0,81,4,2024,[3y2cIKLjiOlp1Np37WiUdH],[Shaboozey],[771365],[80]
6OLlACmD4AlW2N7CWVhVxO,Say So,Say So,"PJ Morton,JoJo",N/A,2 019,3.55,38,Pop,Morton Records / EMPIRE,50.0,41.0,C,-7.58,Major,5.0,59.0,0.0,11.0,23.0,75,4,2024,"[2FMOHE79X98yptp4RpPrt7,5xuNBZoM7z1Vv8IQ6uM0p6]","[PJ Morton,JoJo]","[287274,2394836]","[58,63]"
45wbaSjwlHfUyLf36DHPtF,Process,Back of My Mind,H.E.R.,F,2 021,3.91,39,R&B,MBK Entertainment/RCA Records,63.0,44.0,C#,-4.69,Major,10.0,20.0,0.0,10.0,36.0,127,4,2024,[3Y7RZ31TRPVadSFVy1o8os],[H.E.R.],[7963703],[77]
7wLShogStyDeZvL0a6daN5,TEXAS HOLD 'EM,COWBOY CARTER,Beyoncé,F,2 024,3.89,74,R&B,Parkwood Entertainment/Columbia,73.0,71.0,D,-6.55,Major,8.0,58.0,0.0,16.0,38.0,110,4,2024,[6vWDO969PvNqNYHIOW5v0m],[Beyoncé],[38943874],[87]
0cVyQfDyRnMJ0V3rjjdlU3,Lil Boo Thang,Lil Boo Thang,Paul Russell,M,2 023,1.9,79,R&B,Arista Records,85.0,70.0,C,-3.29,Major,8.0,15.0,0.0,32.0,92.0,114,4,2024,[4zoRNhOhsGX3w8yBAnFSQ8],[Paul Russell],[224227],[66]
4iGW3Cjru1RVBzFEFfBlYI,O Quarto - Soundtrack Version,Poor Things (Original Motion Picture Soundtrack),Carminho,F,2 023,1.28,33,Fado,Milan,56.0,5.0,C,-12.87,Major,4.0,96.0,0.0,9.0,41.0,85,4,2024,[6I1r8xKn6bCeionvZVdzdR],[Carminho],[107836],[50]
3tJvIep0xivOdA6xCjGVQS,Unsuffer Me,West,Lucinda Williams,F,2 007,5.67,30,Folk,Lost Highway Records,52.0,47.0,E,-8.74,Major,3.0,10.0,0.0,10.0,35.0,118,4,2024,[60ht0hWRy1yjUDfNsLuHuP],[Lucinda Williams],[257949],[52]
6wuekNiL0KqFbvfdwuequN,One Of These Things First,Bryter Layter,Nick Drake,M,1 971,4.83,55,Folk,UMC (Universal Music Catalogue),60.0,59.0,E,-9.76,Major,3.0,56.0,32.0,11.0,66.0,90,3,2024,[5c3GLXai8YOMid29ZEuR9y],[Nick Drake],[852725],[63]
2QTW63ARNi7CZRgWKdjyx1,Old Dutch,Keep Me on Your Mind/See You Free,"Bonny Light Horseman,Eric D. Johnson,Josh Kaufman,Anaïs Mitchell",N/A,2 024,5.84,39,Folk,Jagjaguwar,41.0,50.0,C,-7.47,Major,3.0,54.0,0.0,11.0,35.0,103,4,2024,"[0Qi9Fcmn1DJAoG8Agf5ibb,4LBdlNpHBD8dHPcVCrjSB6,3kKgcBXTgyAZhXPV3AaSZc,7K5Lm5dxoEwEpOS0Fc3l3s]","[Bonny Light Horseman,Eric D. Johnson,Josh Kaufman,Anaïs Mitchell]","[61262,2764,1333,70257]","[48,48,48,63]"
52JFZ4D1kYCspWMolxYtTo,Don't Cry Baby,The Second Time Around,Etta James,F,1 961,2.44,50,Jazz,Geffen,43.0,15.0,F,-15.87,Major,3.0,83.0,0.0,11.0,59.0,132,3,2024,[0iOVhN3tnSvgDbcg25JoJb],[Etta James],[1775059],[72]
6jGnykaS6TkWp15utXSAeI,Come Away With Me,Come Away With Me (Super Deluxe Edition),Norah Jones,F,2 002,3.3,71,Jazz,CM BLUE NOTE (A92),44.0,14.0,C,-13.27,Major,3.0,90.0,0.0,13.0,15.0,77,3,2024,[2Kx7MNY7cI1ENniW7vT30N],[Norah Jones],[3219107],[75]
2PzU4IB8Dr6mxV3lHuaG34,(I Can't Get No) Satisfaction - Mono Version,Out Of Our Heads,The Rolling Stones,M,1 965,3.71,76,Rock,"ABKCO Music and Records, Inc.",72.0,86.0,D,-7.89,Major,3.0,4.0,3.0,13.0,93.0,136,4,2024,[22bE4uQ6baNwSHPVcDxLCe],[The Rolling Stones],[14614334],[80]
42KZovoCaiMhxskWGA68gt,Silvio,Down In The Groove,Bob Dylan,M,1 988,3.1,29,Rock,Columbia/Legacy,61.0,83.0,C,-8.15,Major,5.0,31.0,0.0,20.0,85.0,162,4,2024,[74ASZWbe4lXaubB36ztrGX],[Bob Dylan],[6669323],[74]
0Izt8MdEU7zDy2hDsm5YkH,Wanna Be (with Megan Thee Stallion),Wanna Be (with Megan Thee Stallion),"GloRilla,Megan Thee Stallion",F,2 024,2.61,67,Hip Hop,CMG/Interscope Records,92.0,63.0,C#,-5.17,Major,38.0,2.0,0.0,15.0,41.0,135,4,2024,"[2qoQgPAilErOKCwE2Y8wOG,181bsRPaVXVlUKXrxwZfHK]","[GloRilla,Megan Thee Stallion]","[1300513,9921502]","[82,83]"
1ZB2zIoc8AjSuyqKRcJgbO,How Do U Want It,Greatest Hits,"2Pac,K-Ci & JoJo",M,1 998,4.8,55,Hip Hop,2Pac Greatest Hits,83.0,81.0,G#,-2.15,Major,10.0,12.0,0.0,5.0,84.0,92,4,2024,"[1ZwdS5xdxEREPySFridCfh,05RZIdfz59ZW2FvFuwnmNK]","[2Pac,K-Ci & JoJo]","[19520112,1755661]","[82,61]"
6T8uyq0ah50RBGnu1c3e45,What’s In The Tea?,What’s In The Tea?,Calimossa,M,2 023,2.88,44,Hip Hop,Calimossa,59.0,47.0,G,-10.86,Major,44.0,56.0,0.0,10.0,50.0,125,4,2024,[5JNB3hSkXlJODWH9EOYb5Q],[Calimossa],[14425],[44]
3sKBph3ElueH1dVLmkHWZZ,YAYO,HEIS,Rema,M,2 024,2.51,66,Afrobeats,Virgin Music UK LAS (S&D),73.0,75.0,A#,-4.58,Major,4.0,2.0,0.0,15.0,51.0,118,4,2024,[46pWGuE3dSwY3bMMXGBvVS],[Rema],[5684709],[78]
7iQXYTyuG13aoeHxGG28Nh,PERRO NEGRO,nadie sabe lo que va a pasar mañana,"Bad Bunny,Feid",M,2 023,2.71,85,Reggaeton,Rimas Entertainment LLC,91.0,78.0,F,-2.25,Major,26.0,9.0,0.0,18.0,35.0,96,4,2024,"[4q3ewBCX7sLwd24euuV69X,2LRoIwlKmHjgvigdNGBHNo]","[Bad Bunny,Feid]","[86916993,14654973]","[95,92]"
2GxrNKugF82CnoRFbQfzPf,i like the way you kiss me,i like the way you kiss me,Artemas,N/A,2 024,2.38,85,Electronic,Artemas,60.0,95.0,B,-4.26,Major,4.0,0.0,1.0,8.0,75.0,152,4,2024,[0PCCGZ0wGLizHt2KZ7hhA2],[Artemas],[991821],[79]
69RH84na5iUNwrwxpgjC5j,Where Did Our Love Go,Where Did Our Love Go,The Supremes,F,1 964,2.56,64,Soul/Funk/Motown,Motown,57.0,49.0,C,-10.87,Major,4.0,79.0,0.0,9.0,85.0,135,4,2024,[57bUPid8xztkieZfS7OlEV],[The Supremes],[1733842],[65]
1QOpwPQpuOmNoOmMMXCepp,You Really Got A Hold On Me - Mono,Greatest Hits: From The Beginning,The Miracles,N/A,1 965,2.86,35,Soul/Funk/Motown,UNI/MOTOWN,64.0,49.0,C,-9.31,Major,3.0,43.0,0.0,15.0,74.0,118,3,2024,[6TqQLejnHXMGr7KcegxUND],[The Miracles],[409610],[48]
70nmpLYSyZ58QTUzUiB1VA,symptom of life,empathogen,WILLOW,F,2 024,3.16,59,Pop,Three Six Zero Recordings,58.0,84.0,D,-7.16,minor,5.0,36.0,3.0,8.0,44.0,160,3,2024,[3rWZHrfrsPBxVy692yAIxF],[WILLOW],[2743628],[72]
3Vr3zh0r7ALn8VLqCiRR10,Stargazing,Stargazing,Myles Smith,M,2 024,2.88,89,Pop,RCA Records Label,64.0,60.0,C#,-6.13,minor,3.0,25.0,0.0,11.0,33.0,124,4,2024,[3bO19AOone0ubCsfDXDtYt],[Myles Smith],[797705],[79]
28EL5veTZtx38TqxIZwFyQ,Golden,Beautifully Human: Words and Sounds Vol. 2,Jill Scott,F,2 004,3.86,54,R&B,"Hidden Beach Records, LLC",77.0,57.0,A#,-6.16,minor,11.0,26.0,0.0,7.0,59.0,100,4,2024,[6AVLthptCPhfrxlHadOBJD],[Jill Scott],[1795265],[58]
2knRILXCUzgUfP10oxsgk3,I Can’t Even Cry,I Can’t Even Cry,Hope Tala,F,2 024,3.7,45,R&B,PMR Records,62.0,29.0,D,-12.65,minor,20.0,67.0,0.0,12.0,62.0,149,4,2024,[74CcYmmNeHKe5PrZaISk8e],[Hope Tala],[176420],[52]
2YIIDMcF9zWJ2xcFSA99lH,Charge It,We Go Again,ENNY,F,2 023,3.1,65,R&B,FAMM,78.0,54.0,G#,-6.79,minor,11.0,35.0,59.0,20.0,62.0,127,4,2024,[3qEnCAnX23lvoxZYtBiPgL],[ENNY],[209045],[59]
6RQ0i7rApnnWSI8uEiGVVF,Why Don't You,Rose in the Dark,Cleo Sol,F,2 020,3.82,64,R&B,Forever Living Originals,43.0,59.0,C,-7.55,minor,15.0,14.0,9.0,11.0,60.0,55,4,2024,[3ETLPQkcEd7z4k3IbZmXMq],[Cleo Sol],[788948],[68]
4IIxBK0L8uj7viwxhmuSc4,Love Is Everywhere,Wisdom Through Music,Pharoah Sanders,M,1 973,5.31,42,Jazz,Verve Reissues,51.0,73.0,F,-11.72,minor,4.0,89.0,34.0,15.0,75.0,128,4,2024,[3JLUCojZaHrX2LaUkSj7Ud],[Pharoah Sanders],[168591],[47]
74EiaLmtaOlfKZYFkhHs6J,Wednesday Night Prayer Meeting,Blues & Roots,Charles Mingus,M,1 960,5.71,32,Jazz,Rhino Atlantic,36.0,47.0,F,-13.05,minor,7.0,69.0,0.0,8.0,49.0,87,4,2024,[1W8TbFzNS15VwsempfY12H],[Charles Mingus],[480974],[49]
7MCGBbLKg9BS7lQS1S5SN5,Someone To Watch Over Me (feat. Pasquale Grasso),Linger Awhile,"Samara Joy,Pasquale Grasso",N/A,2 022,4.04,32,Jazz,Verve,36.0,1.0,E,-21.65,minor,4.0,99.0,0.0,10.0,12.0,91,4,2024,"[5LkbTSqXfMBjFSGi9LOGjq,7M6Meoc3uCzIyRP7V8HQQY]","[Samara Joy,Pasquale Grasso]","[301319,12637]","[52,34]"
2Ezmm08Oy4772SkEoC18Kt,Them Belly Full (But We Hungry),Natty Dread,Bob Marley & The Wailers,M,1 974,3.22,53,Reggae,Universal-Island Records Ltd.,76.0,48.0,A,-8.2,minor,27.0,36.0,0.0,11.0,64.0,140,4,2024,[2QsynagSdAqZj3U9HgDzjD],[Bob Marley & The Wailers],[12793787],[81]
3qAMlVUvNZVpxA85pFPxOT,My Best,My Best,Saweetie,F,2 024,2.02,52,Hip Hop,ICY/Warner Records,87.0,68.0,F,-4.92,minor,9.0,1.0,0.0,16.0,50.0,140,4,2024,[6cK3NBO6uP7hh0oyuVELFl],[Saweetie],[2377409],[71]
00vR63trn1CzygcjgAFaiM,WHISKEY WHISKEY (feat. Morgan Wallen),SPEAK NOW,"Moneybagg Yo,Morgan Wallen",M,2 024,2.68,65,Hip Hop,CMG/N-Less/Interscope Records,74.0,72.0,F,-3.82,minor,7.0,3.0,0.0,16.0,71.0,152,4,2024,"[3tJoFztHeIJkJWMrx0td2f,4oUHIQIBe0LHzYfvXNW4QM]","[Moneybagg Yo,Morgan Wallen]","[4735534,11087374]","[77,91]"
0aIljv7XHkETklMyymrZVt,The People,Finding Forever,Common,M,2 007,3.41,26,Hip Hop,Geffen,61.0,84.0,C#,-5.73,minor,23.0,10.0,0.0,43.0,49.0,93,4,2024,[2GHclqNVjqGuiE5mA7BEoc],[Common],[983529],[62]
5AJ9hqTS2wcFQCELCFRO7A,MILLION DOLLAR BABY,MILLION DOLLAR BABY,Tommy Richman,M,2 024,2.59,90,Hip Hop,PULSE Records,85.0,70.0,C#,-5.52,minor,4.0,10.0,0.0,7.0,92.0,138,4,2024,[1WaFQSHVGZQJTbf0BdxdNo],[Tommy Richman],[755865],[78]
0ve0CavjqrUqVmZ605RhTV,Jump,Jump,"Tyla,Gunna,Skillibeng",N/A,2 024,2.45,69,Hip Hop,FAX Records/Epic,79.0,72.0,A#,-3.45,minor,9.0,3.0,0.0,21.0,63.0,100,4,2024,"[3SozjO3Lat463tQICI9LcE,2hlmm7s2ICUX0LVIhVFlZQ,5FkUhnHQ0KC63549LHHtst]","[Tyla,Gunna,Skillibeng]","[2092700,8297941,421849]","[78,87,66]"
26q6YTrXt9l8qshIveiTX9,Rebirth Of Slick (Cool Like Dat),Reachin' (A New Refutation Of Time And Space),Digable Planets,N/A,1 993,4.35,59,Hip Hop,Pendulum Records,89.0,33.0,C#,-18.94,minor,23.0,5.0,6.0,11.0,57.0,98,4,2024,[0gqIrDRL7CEPBWMmkuZPdQ],[Digable Planets],[443108],[53]
6MdqqkQ8sSC0WB4i8PyRuQ,No Diggity,Another Level,"Blackstreet,Dr. Dre,Queen Pen",N/A,1 996,5.08,76,Hip Hop,Interscope,87.0,65.0,C#,-4.67,minor,29.0,30.0,0.0,28.0,67.0,89,4,2024,"[2P3cjUru4H3fhSXXNxE9kA,6DPYiyq5kWVQS4RGwxzPC7,0VbIlorLz3I5SEtIsc5vAr]","[Blackstreet,Dr. Dre,Queen Pen]","[857447,12768999,53109]","[65,82,63]"
1eDI5oU04SLsXl0TfxfwYf,Love Me JeJe,Born in the Wild,Tems,F,2 024,2.97,72,Afrobeats,RCA Records/Since 93',83.0,52.0,G#,-10.87,minor,14.0,16.0,53.0,11.0,53.0,104,4,2024,[687cZJR45JO7jhk1LHIbgq],[Tems],[2516746],[78]
3Zm9ZCH5iQcpp1tdvU9rb7,BAD BOY,LOS MARCIANOS Vol.1: Dei V Version,"Chris Jedi,Gaby Music,Dei V,Anuel AA,Ozuna",M,2 024,3.92,59,Reggaeton,La Familia Records DD,77.0,71.0,C#,-4.89,minor,8.0,33.0,0.0,42.0,63.0,95,4,2024,"[0qTZZWLzuD59Un5r1speHm,1r3tpVQ08jFAA2P4xzV5o4,2YRyPiW98bpkARAS4B3OQP,2R21vXR83lH98kGeO99Y66,1i8SpTcr7yvPOmcqrbnVXY]","[Chris Jedi,Gaby Music,Dei V,Anuel AA,Ozuna]","[2650931,79896,1418497,38747602,37653503]","[70,66,81,88,87]"
5Xhqe9xu6bKRSqLj1mS1SB,If You Love Somebody Set Them Free,The Dream Of The Blue Turtles,Sting,M,1 985,4.27,55,Electronic,A&M,63.0,85.0,A,-10.61,minor,3.0,14.0,0.0,32.0,82.0,125,4,2024,[0Ty63ceoRnnJKVEYP0VQpk],[Sting],[3488030],[73]